FIPS,value,x1,x2
01001,18,null,32.5395 -86.6441
01003,17,null,30.5582 -87.6964
01005,22,null,31.8683 -85.3871
01007,19,null,32.9964 -87.1251
01009,19,null,33.9821 -86.5679
01011,23,null,32.0928 -85.7047
01013,22,null,31.7443 -86.6886
01015,21,null,33.7624 -85.8378
01017,19,null,32.9183 -85.4034
01019,17,null,34.1639 -85.6214
01021,20,null,32.8668 -86.6971
01023,19,null,32.0223 -88.2656
01025,21,null,31.681 -87.8355
01027,20,null,33.2698 -85.8584
01029,18,null,33.6768 -85.5201
01031,17,null,31.4001 -85.9927
01033,19,null,34.7297 -87.977
01035,21,null,31.434 -86.9932
01037,20,null,32.9291 -86.2622
01039,19,null,31.2478 -86.4505
01041,19,null,31.7294 -86.3159
01043,18,null,34.1302 -86.8689
01045,20,null,31.4304 -85.6109
01047,24,null,32.3269 -87.1087
01049,21,null,34.4595 -85.8078
01051,17,null,32.5978 -86.1441
01053,22,null,31.1288 -86.9532
01055,20,null,34.0457 -86.0405
01057,18,null,33.7208 -87.7527
01059,19,null,34.4432 -87.8515
01061,20,null,31.0939 -85.8358
01063,25,null,32.855 -87.9568
01065,22,null,32.7604 -87.6328
01067,18,null,31.5115 -85.2427
01069,19,null,31.152 -85.2994
01071,20,null,34.7814 -85.9975
01073,18,null,33.5555 -86.8951
01075,20,null,33.78 -88.0967
01077,17,null,34.8701 -87.7891
01079,20,null,34.5116 -87.3174
01081,18,null,32.6015 -85.3513
01083,18,null,34.8118 -86.9831
01085,23,null,32.1597 -86.6516
01087,21,null,32.3876 -85.6927
01089,17,null,34.7633 -86.5507
01091,21,null,32.2477 -87.788
01093,19,null,34.137 -87.887
01095,21,null,34.3493 -86.3198
01097,19,null,30.7847 -88.2084
01099,23,null,31.5673 -87.37
01101,20,null,32.2334 -86.208
01103,19,null,34.455 -86.8548
01105,26,null,32.6405 -87.2977
01107,21,null,33.281 -88.0882
01109,21,null,31.804 -85.9408
01111,19,null,33.2953 -85.4571
01113,22,null,32.286 -85.1629
01115,18,null,33.6579 -86.3109
01117,16,null,33.2688 -86.6623
01119,22,null,32.5912 -88.1991
01121,23,null,33.4004 -86.1489
01123,18,null,32.867 -85.7984
01125,18,null,33.2873 -87.5256
01127,23,null,33.8027 -87.3003
01129,21,null,31.4093 -88.2069
01131,22,null,31.9877 -87.3089
01133,20,null,34.1497 -87.373
02013,17,null,24.1078 -120.539
02016,15,null,23.0865 -124.2513
02020,15,null,25.7677 -116.7055
02050,30,null,25.5494 -121.0277
02060,18,null,25.0481 -118.9949
02068,18,null,26.5245 -116.9649
02070,27,null,25.3644 -119.427
02090,16,null,26.8649 -115.9334
02100,16,null,25.1524 -112.6031
02105,20,null,25.0445 -112.876
02110,17,null,24.961 -112.2188
02122,17,null,25.4687 -117.0525
02130,17,null,24.0951 -111.2553
02150,15,null,24.6993 -117.9637
02158,41,null,26.069 -120.9817
02164,28,null,24.9048 -118.9572
02170,18,null,26.1242 -116.8765
02180,32,null,26.9318 -121.0139
02185,24,null,28.2171 -118.0077
02188,31,null,27.5375 -119.8877
02195,15,null,24.6114 -111.8312
02198,22,null,24.0766 -111.8466
02220,16,null,24.5951 -112.5588
02230,16,null,25.2945 -112.5717
02240,20,null,26.5858 -114.9265
02261,17,null,25.8652 -115.3765
02275,17,null,24.3195 -111.5761
02282,20,null,25.39 -114.0707
02290,30,null,26.4981 -118.8024
04001,22,null,35.8705 -109.5229
04003,15,null,31.88 -109.7541
04005,16,null,35.8388 -111.7707
04007,18,null,33.7408 -110.8606
04009,18,null,32.9317 -109.8882
04011,14,null,33.549 -109.2711
04012,16,null,33.7285 -113.981
04013,14,null,32.8907 -112.9481
04015,19,null,35.7047 -113.7578
04017,21,null,35.2855 -110.2889
04019,15,null,31.9694 -111.7001
04021,16,null,32.9053 -111.345
04023,15,null,31.5318 -110.7683
04025,17,null,34.5993 -112.5539
04027,13,null,32.769 -113.9067
05001,20,null,34.2915 -91.3728
05003,20,null,33.2021 -91.8005
05005,16,null,36.2878 -92.3378
05007,17,null,36.3364 -94.2568
05009,20,null,36.3085 -93.0937
05011,22,null,33.4676 -92.1598
05013,21,null,33.556 -92.4997
05015,18,null,36.3404 -93.5427
05017,23,null,33.2646 -91.2954
05019,19,null,34.0554 -93.1943
05021,20,null,36.3683 -90.4148
05023,17,null,35.5353 -92.0213
05025,19,null,33.8972 -92.1854
05027,20,null,33.2123 -93.2265
05029,19,null,35.262 -92.7051
05031,21,null,35.8302 -90.6324
05033,19,null,35.5893 -94.2447
05035,23,null,35.2125 -90.3084
05037,20,null,35.2965 -90.7725
05039,19,null,33.9755 -92.6478
05041,24,null,33.8301 -91.255
05043,21,null,33.5906 -91.7252
05045,21,null,35.1472 -92.3372
05047,21,null,35.512 -93.893
05049,20,null,36.3746 -91.7829
05051,19,null,34.5813 -93.2152
05053,18,null,34.2902 -92.4232
05055,20,null,36.1158 -90.5206
05057,22,null,33.7333 -93.6694
05059,20,null,34.3279 -92.8733
05061,22,null,34.0901 -93.9935
05063,20,null,35.7424 -91.57
05065,20,null,36.096 -91.9085
05067,22,null,35.598 -91.215
05069,21,null,34.2776 -92.0181
05071,21,null,35.5676 -93.4604
05073,20,null,33.2412 -93.6068
05075,19,null,36.0694 -91.1687
05077,25,null,34.7728 -90.6853
05079,22,null,33.9532 -91.74
05081,21,null,33.7038 -94.2347
05083,20,null,35.2249 -93.71
05085,19,null,34.7539 -91.8874
05087,21,null,36.0104 -93.7252
05089,20,null,36.2685 -92.6845
05091,21,null,33.3145 -93.8546
05093,24,null,35.7627 -90.0519
05095,22,null,34.6704 -91.2242
05097,18,null,34.5424 -93.6648
05099,21,null,33.6302 -93.2941
05101,19,null,35.9249 -93.2311
05103,23,null,33.5828 -92.8918
05105,19,null,34.9459 -92.9437
05107,24,null,34.4327 -90.848
05109,20,null,34.1625 -93.6579
05111,22,null,35.5735 -90.9043
05113,20,null,34.4826 -94.2273
05115,19,null,35.4487 -93.0321
05117,19,null,34.8362 -91.5516
05119,18,null,34.7705 -92.3135
05121,20,null,36.3416 -91.0245
05123,24,null,35.022 -90.7483
05125,16,null,34.6362 -92.6597
05127,20,null,34.8559 -94.0632
05129,20,null,35.9168 -92.7529
05131,22,null,35.196 -94.2716
05133,20,null,33.9978 -94.2425
05135,21,null,36.1165 -91.4847
05137,20,null,35.9189 -92.2045
05139,20,null,33.1929 -92.8043
05141,19,null,35.581 -92.513
05143,19,null,35.9768 -94.218
05145,19,null,35.2569 -91.7491
05147,21,null,35.189 -91.244
05149,21,null,35.0029 -93.4117
06001,10,null,37.68 -121.6563
06003,14,null,38.5968 -119.8224
06005,11,null,38.4653 -120.7838
06007,14,null,39.6673 -121.6005
06009,11,null,38.2054 -120.5529
06011,12,null,39.1788 -122.2332
06013,10,null,37.9192 -121.929
06015,15,null,41.7423 -123.8974
06017,11,null,38.7853 -120.2944
06019,13,null,36.7465 -119.6396
06021,13,null,39.5917 -122.3971
06023,14,null,40.5031 -123.9078
06025,13,null,33.0261 -115.6987
06027,12,null,36.5111 -117.4112
06029,15,null,35.2943 -118.9051
06031,14,null,36.0741 -119.816
06033,14,null,39.0363 -122.709
06035,14,null,40.6731 -120.5935
06037,11,null,34.3585 -118.2176
06039,13,null,37.2151 -119.7666
06041,10,null,38.0739 -122.715
06043,12,null,37.5436 -120.0314
06045,13,null,39.3695 -123.4234
06047,14,null,37.1892 -120.7209
06049,14,null,41.5897 -120.7245
06051,12,null,37.939 -118.8873
06053,12,null,36.2186 -121.2414
06055,10,null,38.5074 -122.3328
06057,12,null,39.2661 -121.0187
06059,9,null,33.7015 -117.7646
06061,10,null,39.0143 -120.5776
06063,11,null,40.0221 -121.0728
06065,12,null,33.7431 -115.9934
06067,12,null,38.4511 -121.3425
06069,11,null,36.6031 -121.07
06071,13,null,34.8406 -116.1775
06073,11,null,33.0196 -116.8386
06075,10,null,37.7569 -122.4344
06077,12,null,37.9343 -121.273
06079,11,null,35.3464 -120.4099
06081,9,null,37.4067 -122.2998
06083,11,null,34.7468 -120.0565
06085,8,null,37.231 -121.697
06087,11,null,37.0681 -122.0996
06089,14,null,40.7639 -122.0397
06091,12,null,39.5839 -120.8659
06093,14,null,41.5016 -122.1964
06095,12,null,38.2683 -121.9357
06097,10,null,38.5275 -122.8863
06099,13,null,37.5586 -120.9971
06101,12,null,39.0342 -121.6946
06103,14,null,40.1216 -122.2038
06105,15,null,40.6491 -123.1147
06107,14,null,36.267 -118.777
06109,11,null,38.0336 -119.9268
06111,11,null,34.4689 -119.0557
06113,11,null,38.6828 -121.9018
06115,14,null,39.2626 -121.3536
08001,16,null,39.8701 -104.1338
08003,17,null,37.5542 -105.8419
08005,13,null,39.6532 -103.9185
08007,13,null,37.2077 -107.2668
08009,15,null,37.3194 -102.5603
08011,18,null,37.9547 -103.072
08013,11,null,40.0931 -105.3547
08014,12,null,39.96 -105.0566
08015,13,null,38.7475 -106.1927
08017,14,null,38.8278 -102.6033
08019,12,null,39.6886 -105.6463
08021,16,null,37.1987 -106.1984
08023,17,null,37.2773 -105.4277
08025,19,null,38.3179 -103.78
08027,14,null,38.0805 -105.423
08029,15,null,38.8625 -107.8632
08031,15,null,39.7621 -104.9658
08033,15,null,37.7521 -108.5212
08035,11,null,39.3313 -104.93
08037,13,null,39.6372 -106.6451
08039,13,null,39.2866 -104.1359
08041,14,null,38.8247 -104.5619
08043,16,null,38.4776 -105.4756
08045,14,null,39.7288 -107.2377
08047,13,null,39.8565 -105.5252
08049,14,null,40.106 -106.1178
08051,15,null,38.7023 -107.0797
08053,13,null,37.8225 -107.3004
08055,13,null,37.656 -104.9264
08057,14,null,40.6659 -106.3409
08059,12,null,39.5863 -105.2518
08061,14,null,38.4401 -102.9817
08063,14,null,39.305 -102.6022
08065,15,null,39.2028 -106.3556
08067,15,null,37.2863 -107.8429
08069,13,null,40.6667 -105.4626
08071,15,null,37.3153 -104.0377
08073,15,null,38.9875 -103.5137
08075,16,null,40.7193 -103.1165
08077,16,null,38.9334 -108.6266
08079,13,null,37.6695 -106.9282
08081,15,null,40.6117 -107.8763
08083,16,null,37.3194 -108.7249
08085,15,null,38.4022 -108.2639
08087,14,null,40.2627 -103.8887
08089,16,null,37.9014 -103.7173
08091,13,null,38.1472 -107.7675
08093,13,null,39.1209 -105.7182
08095,12,null,40.594 -102.5092
08097,12,null,39.1723 -106.8833
08099,15,null,37.9562 -102.3947
08101,16,null,38.1736 -104.5127
08103,14,null,39.9378 -108.7634
08105,14,null,37.5837 -106.3848
08107,14,null,40.486 -106.9906
08109,18,null,38.0806 -106.2825
08111,16,null,37.7625 -107.6763
08113,14,null,37.9653 -108.0938
08115,14,null,40.8759 -102.3524
08117,14,null,39.6433 -106.1052
08119,12,null,38.8813 -105.1615
08121,14,null,39.9701 -103.2026
08123,14,null,40.5011 -104.556
08125,14,null,40.0039 -102.4269
09001,10,null,41.326 -73.3978
09003,11,null,41.8028 -72.731
09005,12,null,41.7937 -73.2451
09007,11,null,41.4595 -72.5371
09009,13,null,41.408 -72.9362
09011,12,null,41.489 -72.1043
09013,11,null,41.8585 -72.3309
09015,14,null,41.8297 -71.9818
10001,17,null,39.0864 -75.5689
10003,15,null,39.5799 -75.6405
10005,16,null,38.6614 -75.3903
11001,16,null,38.9042 -77.0166
12001,16,null,29.6836 -82.397
12003,23,null,30.3306 -82.2847
12005,23,null,30.2655 -85.6212
12007,23,null,29.9508 -82.1661
12009,17,null,28.0919 -80.7175
12011,15,null,26.1492 -80.4786
12013,22,null,30.4067 -85.1939
12015,16,null,26.9024 -81.9657
12017,20,null,28.8592 -82.4623
12019,20,null,29.9832 -81.8561
12021,14,null,26.1601 -81.4895
12023,23,null,30.2134 -82.6294
12027,21,null,27.1868 -81.8094
12029,25,null,29.6063 -83.1573
12031,20,null,30.3456 -81.7119
12033,20,null,30.5354 -87.38
12035,17,null,29.4659 -81.3133
12037,20,null,29.8379 -84.8273
12039,20,null,30.5499 -84.609
12041,21,null,29.7286 -82.7988
12043,20,null,26.9564 -81.1899
12045,20,null,29.9355 -85.2427
12047,22,null,30.4791 -82.844
12049,19,null,27.4929 -81.8096
12051,20,null,26.5539 -81.1647
12053,19,null,28.5536 -82.427
12055,19,null,27.3425 -81.3407
12057,17,null,27.9276 -82.3201
12059,21,null,30.8505 -85.8902
12061,15,null,27.6931 -80.6056
12063,23,null,30.7955 -85.215
12065,20,null,30.4367 -83.8944
12067,22,null,29.9848 -83.1817
12069,17,null,28.762 -81.7125
12071,14,null,26.5841 -81.884
12073,17,null,30.4595 -84.2749
12075,24,null,29.3183 -82.7401
12077,24,null,30.2377 -84.8829
12079,21,null,30.456 -83.4956
12081,15,null,27.472 -82.3183
12083,19,null,29.2123 -82.058
12085,14,null,27.0772 -80.4311
12086,16,null,25.6112 -80.5517
12087,17,null,25.5114 -81.056
12089,19,null,30.6104 -81.803
12091,18,null,30.6914 -86.5927
12093,21,null,27.3863 -80.8894
12095,16,null,28.5137 -81.318
12097,18,null,28.0631 -81.1488
12099,16,null,26.6457 -80.5608
12101,19,null,28.3081 -82.4022
12103,16,null,27.8932 -82.7129
12105,19,null,28.0026 -81.7468
12107,24,null,29.6078 -81.7423
12109,15,null,29.9009 -81.4359
12111,18,null,27.3823 -80.5035
12113,19,null,30.6934 -87.0246
12115,15,null,27.1675 -82.3523
12117,16,null,28.7448 -81.3252
12119,12,null,28.7018 -82.0794
12121,23,null,30.1975 -82.991
12123,24,null,30.0485 -83.6045
12125,23,null,30.0441 -82.375
12127,18,null,29.0586 -81.1826
12129,19,null,30.1655 -84.399
12131,21,null,30.5454 -86.1209
12133,23,null,30.61 -85.7125
13001,20,null,31.7485 -82.2891
13003,22,null,31.3021 -82.8847
13005,19,null,31.564 -82.4814
13007,17,null,31.3267 -84.4422
13009,20,null,33.0688 -83.247
13011,18,null,34.356 -83.4964
13013,17,null,33.9915 -83.7144
13015,19,null,34.2373 -84.8389
13017,21,null,31.761 -83.2215
13019,20,null,31.2759 -83.2253
13021,19,null,32.8081 -83.7472
13023,18,null,32.4383 -83.3303
13025,20,null,31.1958 -81.9775
13027,19,null,30.8393 -83.583
13029,17,null,32.0098 -81.44
13031,19,null,32.3958 -81.7481
13033,21,null,33.0503 -82.0701
13035,19,null,33.2831 -83.9544
13037,24,null,31.5358 -84.6161
13039,17,null,30.9295 -81.666
13043,22,null,32.4021 -82.077
13045,18,null,33.5814 -85.0797
13047,15,null,34.8774 -85.1225
13049,19,null,30.618 -82.1632
13051,17,null,32.0004 -81.1249
13053,18,null,32.3434 -84.7881
13055,19,null,34.472 -85.3453
13057,15,null,34.243 -84.4896
13059,20,null,33.9544 -83.3713
13061,24,null,31.6332 -84.9821
13063,19,null,33.5419 -84.356
13065,24,null,30.9139 -82.7043
13067,13,null,33.9424 -84.5761
13069,20,null,31.5489 -82.8549
13071,21,null,31.1845 -83.762
13073,14,null,33.5275 -82.2642
13075,20,null,31.1607 -83.4295
13077,16,null,33.3534 -84.7613
13079,18,null,32.7139 -83.9806
13081,21,null,31.9229 -83.7681
13083,16,null,34.8549 -85.5049
13085,15,null,34.4425 -84.1696
13087,19,null,30.8797 -84.5762
13089,16,null,33.7694 -84.224
13091,19,null,32.1726 -83.1695
13093,20,null,32.1601 -83.8198
13095,22,null,31.5333 -84.2172
13097,17,null,33.7029 -84.7703
13099,21,null,31.3216 -84.9026
13101,19,null,30.7305 -82.9977
13103,16,null,32.3662 -81.3428
13105,18,null,34.113 -82.8394
13107,21,null,32.5922 -82.3024
13109,19,null,32.1533 -81.887
13111,16,null,34.8643 -84.3169
13113,13,null,33.4136 -84.4909
13115,17,null,34.2627 -85.2158
13117,13,null,34.226 -84.1232
13119,18,null,34.3752 -83.2316
13121,15,null,33.7922 -84.4632
13123,16,null,34.7019 -84.4269
13125,17,null,33.2236 -82.652
13127,16,null,31.2328 -81.5381
13129,18,null,34.5049 -84.873
13131,19,null,30.8774 -84.2284
13133,17,null,33.5769 -83.1714
13135,14,null,33.9604 -84.0214
13137,16,null,34.6274 -83.5108
13139,16,null,34.3221 -83.819
13141,22,null,33.2722 -82.9977
13143,18,null,33.796 -85.21
13145,14,null,32.7371 -84.9054
13147,18,null,34.3463 -82.9657
13149,18,null,33.2969 -85.1289
13151,16,null,33.4533 -84.1482
13153,17,null,32.458 -83.6688
13155,20,null,31.6151 -83.3582
13157,16,null,34.1379 -83.5682
13159,19,null,33.3153 -83.6885
13161,19,null,31.8041 -82.6373
13163,20,null,33.0587 -82.4161
13165,22,null,32.7804 -81.9715
13167,18,null,32.7021 -82.6617
13169,16,null,33.0251 -83.5602
13171,18,null,33.0784 -84.1427
13173,20,null,31.0383 -83.0647
13175,20,null,32.4633 -82.9222
13177,16,null,31.7794 -84.1432
13179,19,null,31.8259 -81.4925
13181,17,null,33.792 -82.4503
13183,20,null,31.7522 -81.7495
13185,20,null,30.828 -83.2509
13187,17,null,34.5729 -84.0042
13189,19,null,33.4785 -82.4825
13191,17,null,31.4968 -81.4016
13193,22,null,32.3521 -84.0424
13195,17,null,34.1292 -83.2122
13197,19,null,32.3481 -84.5244
13199,18,null,33.0416 -84.6886
13201,18,null,31.1641 -84.7297
13205,20,null,31.2249 -84.1938
13207,16,null,33.0255 -83.9175
13209,17,null,32.172 -82.5353
13211,15,null,33.5923 -83.4913
13213,18,null,34.789 -84.7499
13215,20,null,32.4936 -84.8718
13217,17,null,33.5552 -83.8455
13219,14,null,33.8375 -83.4368
13221,17,null,33.8786 -83.0828
13223,16,null,33.9197 -84.8685
13225,18,null,32.5693 -83.8294
13227,15,null,34.4685 -84.4556
13229,18,null,31.3593 -82.216
13231,15,null,33.0931 -84.3879
13233,18,null,34.0012 -85.1719
13235,18,null,32.2334 -83.4755
13237,16,null,33.3205 -83.3755
13239,18,null,31.8673 -85.0177
13241,17,null,34.8839 -83.403
13243,21,null,31.7753 -84.747
13245,20,null,33.3578 -82.0703
13247,18,null,33.6515 -84.022
13249,18,null,32.2654 -84.3126
13251,20,null,32.7498 -81.6078
13253,18,null,30.9347 -84.8683
13255,19,null,33.2656 -84.2415
13257,17,null,34.5515 -83.2941
13259,24,null,32.08 -84.8321
13261,21,null,32.0365 -84.1982
13263,18,null,32.6964 -84.5335
13265,21,null,33.5654 -82.8814
13267,20,null,32.0479 -82.0554
13269,22,null,32.5579 -84.2508
13271,21,null,31.9283 -82.9349
13273,21,null,31.7753 -84.4407
13275,18,null,30.8639 -83.9185
13277,19,null,31.4575 -83.5236
13279,19,null,32.1206 -82.3296
13281,14,null,34.9137 -83.7411
13283,18,null,32.4042 -82.569
13285,18,null,33.0335 -85.0281
13287,19,null,31.7111 -83.6278
13289,20,null,32.6744 -83.4308
13291,14,null,34.8299 -83.9897
13293,18,null,32.8792 -84.3002
13295,17,null,34.7338 -85.3016
13297,17,null,33.7802 -83.7355
13299,19,null,31.0545 -82.4223
13301,20,null,33.4311 -82.6889
13303,20,null,32.9977 -82.7922
13305,19,null,31.5522 -81.9189
13307,17,null,32.0315 -84.5435
13309,24,null,32.1201 -82.7258
13311,16,null,34.6462 -83.749
13313,18,null,34.8099 -84.9609
13315,20,null,31.9857 -83.4739
13317,19,null,33.7829 -82.7429
13319,18,null,32.8029 -83.1714
13321,18,null,31.5029 -83.8339
15001,14,null,23.3335 -102.0103
15003,11,null,25.2175 -104.5395
15005,12,null,24.9112 -103.4477
15007,13,null,25.783 -106.0291
15009,12,null,24.5254 -102.8265
16001,12,null,43.4527 -116.2416
16003,14,null,44.8933 -116.4545
16005,14,null,42.67 -112.2233
16007,13,null,42.2827 -111.3289
16009,15,null,47.2175 -116.6587
16011,14,null,43.2449 -112.626
16013,13,null,43.4086 -113.9752
16015,13,null,43.9686 -115.9046
16017,14,null,48.3 -116.6018
16019,14,null,43.3871 -111.6161
16021,15,null,48.7507 -116.541
16023,13,null,43.7259 -113.1735
16025,15,null,43.4666 -114.8066
16027,14,null,43.6197 -116.7095
16029,13,null,42.7715 -111.5598
16031,14,null,42.2835 -113.6012
16033,17,null,44.2702 -112.3061
16035,13,null,46.6003 -116.1216
16037,14,null,44.2419 -114.2855
16039,16,null,43.3507 -115.4702
16041,13,null,42.1833 -111.815
16043,14,null,44.228 -111.481
16045,14,null,44.0649 -116.3984
16047,15,null,42.9693 -114.8109
16049,14,null,45.8472 -115.4634
16051,13,null,43.8408 -112.4794
16053,15,null,42.6889 -114.2655
16055,14,null,47.6787 -116.7289
16057,14,null,46.8159 -116.7114
16059,15,null,44.9655 -113.8169
16061,15,null,46.2316 -116.4781
16063,15,null,42.9822 -113.9416
16065,15,null,43.7756 -111.6911
16067,14,null,42.8552 -113.6357
16069,15,null,46.3264 -116.7501
16071,13,null,42.1949 -112.5408
16073,16,null,42.5802 -116.1694
16075,15,null,43.9727 -116.8055
16077,15,null,42.6925 -112.8396
16079,15,null,47.3537 -115.8917
16081,13,null,43.7531 -111.2057
16083,14,null,42.3544 -114.6685
16085,12,null,44.6835 -115.6782
16087,15,null,44.4528 -116.7848
17001,15,null,39.9789 -91.212
17003,22,null,37.1805 -89.3291
17005,17,null,38.8851 -89.4448
17007,15,null,42.2697 -88.823
17009,17,null,39.9719 -90.784
17011,15,null,41.4038 -89.5283
17013,15,null,39.1684 -90.6633
17015,14,null,42.0641 -89.9105
17017,16,null,39.9699 -90.2473
17019,16,null,40.1393 -88.203
17021,16,null,39.5458 -89.2778
17023,16,null,39.3343 -87.787
17025,16,null,38.7571 -88.5409
17027,15,null,38.607 -89.4238
17029,19,null,39.5195 -88.2236
17031,14,null,41.8414 -87.8166
17033,16,null,39.0125 -87.788
17035,16,null,39.2751 -88.1591
17037,16,null,41.8937 -88.7696
17039,15,null,40.1659 -89.0318
17041,16,null,39.7657 -88.2054
17043,12,null,41.8512 -88.0864
17045,15,null,39.6809 -87.7476
17047,15,null,38.3556 -88.051
17049,15,null,39.0636 -88.5837
17051,17,null,39.0007 -89.0245
17053,16,null,40.6983 -88.1964
17055,18,null,37.9936 -88.9411
17057,17,null,40.4729 -90.2086
17059,17,null,37.7643 -88.2295
17061,17,null,39.3591 -90.3889
17063,15,null,41.2857 -88.4191
17065,16,null,38.0816 -88.5388
17067,15,null,40.4042 -91.1632
17069,18,null,37.5181 -88.2687
17071,14,null,40.8191 -90.9249
17073,15,null,41.3534 -90.133
17075,16,null,40.7472 -87.8246
17077,19,null,37.786 -89.3823
17079,15,null,39.0105 -88.1544
17081,17,null,38.2998 -88.924
17083,15,null,39.0906 -90.4323
17085,13,null,42.3512 -90.1748
17087,17,null,37.4594 -88.8817
17089,13,null,41.9384 -88.4286
17091,16,null,41.1464 -87.7967
17093,14,null,41.5909 -88.4272
17095,18,null,40.9318 -90.2144
17097,14,null,42.3241 -88.0279
17099,16,null,41.3443 -88.8863
17101,18,null,38.7096 -87.7693
17103,16,null,41.7467 -89.4697
17105,16,null,40.8919 -88.5578
17107,15,null,40.1258 -89.3664
17109,17,null,40.4578 -90.7284
17111,14,null,42.3245 -88.4525
17113,15,null,40.49 -88.8462
17115,16,null,39.8607 -88.9634
17117,16,null,39.2612 -89.9243
17119,16,null,38.8276 -89.9358
17121,17,null,38.6496 -88.919
17123,14,null,41.0328 -89.3451
17125,16,null,40.2456 -89.9784
17127,16,null,37.2208 -88.7103
17129,15,null,40.0284 -89.8682
17131,15,null,41.1992 -90.7087
17133,13,null,38.2759 -90.1776
17135,16,null,39.232 -89.4781
17137,16,null,39.7166 -90.2026
17139,16,null,39.6419 -88.621
17141,15,null,42.0452 -89.3141
17143,17,null,40.787 -89.7608
17145,16,null,38.0848 -89.4606
17147,13,null,39.9345 -88.603
17149,17,null,39.6226 -90.8877
17151,15,null,37.4139 -88.5615
17153,19,null,37.2263 -89.1309
17155,14,null,41.2014 -89.2869
17157,17,null,38.051 -89.8251
17159,17,null,38.7124 -88.0848
17161,17,null,41.4661 -90.5705
17163,18,null,38.47 -89.9306
17165,19,null,37.7535 -88.5415
17167,17,null,39.7584 -89.6587
17169,16,null,40.1331 -90.5566
17171,16,null,39.6429 -90.4782
17173,16,null,39.3913 -88.8061
17175,16,null,41.0931 -89.7975
17177,16,null,42.3513 -89.6626
17179,15,null,40.5071 -89.514
17181,17,null,37.4651 -89.2769
17183,18,null,40.18 -87.7345
17185,16,null,38.4427 -87.8492
17187,15,null,40.8492 -90.6147
17189,15,null,38.3531 -89.4098
17191,16,null,38.4296 -88.4259
17193,16,null,38.0871 -88.1766
17195,15,null,41.7572 -89.9358
17197,13,null,41.4462 -87.9786
17199,16,null,37.73 -88.9302
17201,17,null,42.3364 -89.1608
17203,14,null,40.7858 -89.2097
18001,20,null,40.7458 -84.9367
18003,20,null,41.092 -85.068
18005,19,null,39.1955 -85.931
18007,21,null,40.6063 -87.3104
18009,20,null,40.4731 -85.3238
18011,16,null,40.0509 -86.4684
18013,19,null,39.1961 -86.2287
18015,18,null,40.584 -86.5724
18017,21,null,40.7613 -86.3483
18019,22,null,38.4802 -85.7051
18021,20,null,39.3956 -87.1172
18023,20,null,40.3047 -86.4691
18025,23,null,38.2882 -86.4452
18027,20,null,38.6974 -87.0915
18029,20,null,39.1465 -84.9734
18031,18,null,39.3072 -85.5009
18033,20,null,41.3971 -85.0612
18035,21,null,40.2282 -85.3965
18037,17,null,38.365 -86.8763
18039,20,null,41.5978 -85.858
18041,23,null,39.6369 -85.178
18043,22,null,38.3212 -85.9039
18045,21,null,40.1236 -87.2422
18047,19,null,39.4142 -85.0606
18049,20,null,41.0413 -86.3369
18051,19,null,38.3039 -87.5805
18053,22,null,40.516 -85.6545
18055,21,null,39.0371 -87.1064
18057,13,null,40.0725 -86.0523
18059,17,null,39.8215 -85.7649
18061,20,null,38.1947 -86.1095
18063,16,null,39.7624 -86.5102
18065,21,null,39.9318 -85.3989
18067,21,null,40.4853 -86.1135
18069,19,null,40.8291 -85.4882
18071,22,null,38.9092 -86.0385
18073,19,null,41.0208 -87.1155
18075,22,null,40.4395 -85.0111
18077,23,null,38.7501 -85.52
18079,22,null,38.9959 -85.6271
18081,18,null,39.4899 -86.1015
18083,20,null,38.6633 -87.4249
18085,19,null,41.2399 -85.8647
18087,19,null,41.6423 -85.4267
18089,19,null,41.4356 -87.3728
18091,23,null,41.5437 -86.7407
18093,19,null,38.8395 -86.5302
18095,22,null,40.1616 -85.7193
18097,19,null,39.7797 -86.1798
18099,21,null,41.3253 -86.2606
18101,20,null,38.6999 -86.8033
18103,24,null,40.7694 -86.0452
18105,20,null,39.1613 -86.5241
18107,20,null,40.0404 -86.8933
18109,19,null,39.479 -86.4457
18111,21,null,40.8663 -87.3969
18113,19,null,41.3953 -85.4234
18115,17,null,38.9553 -84.9651
18117,21,null,38.5411 -86.4959
18119,20,null,39.3115 -86.839
18121,22,null,39.7789 -87.2148
18123,21,null,38.0781 -86.6374
18125,20,null,38.4011 -87.2358
18127,19,null,41.4681 -87.0764
18129,19,null,38.021 -87.8648
18131,19,null,41.0416 -86.6989
18133,19,null,39.6644 -86.8452
18135,21,null,40.1573 -85.0119
18137,18,null,39.1024 -85.2621
18139,21,null,39.6202 -85.4656
18141,19,null,41.6176 -86.2904
18143,21,null,38.6966 -85.753
18145,21,null,39.5231 -85.7916
18147,18,null,38.0152 -87.008
18149,23,null,41.2789 -86.6469
18151,19,null,41.6442 -85.001
18153,21,null,39.0895 -87.4141
18155,24,null,38.8277 -85.0302
18157,19,null,40.3887 -86.895
18159,19,null,40.3114 -86.0524
18161,20,null,39.6256 -84.9251
18163,21,null,38.0266 -87.5876
18165,19,null,39.8523 -87.4616
18167,22,null,39.4295 -87.3917
18169,20,null,40.8489 -85.7925
18171,19,null,40.3473 -87.3561
18173,18,null,38.0892 -87.2716
18175,21,null,38.6007 -86.1274
18177,21,null,39.8633 -85.0104
18179,19,null,40.7293 -85.2213
18181,18,null,40.7373 -86.9246
18183,19,null,41.1386 -85.5079
19001,16,null,41.3308 -94.471
19003,16,null,41.0291 -94.6993
19005,16,null,43.2905 -91.4006
19007,17,null,40.7433 -92.8687
19009,16,null,41.6845 -94.9058
19011,15,null,42.0801 -92.0647
19013,18,null,42.4697 -92.3093
19015,16,null,42.0365 -93.9314
19017,14,null,42.7746 -92.318
19019,16,null,42.4709 -91.8351
19021,15,null,42.7354 -95.151
19023,15,null,42.7317 -92.7902
19025,17,null,42.3847 -94.656
19027,15,null,42.0362 -94.8603
19029,17,null,41.3315 -94.9279
19031,14,null,41.7723 -91.1324
19033,16,null,43.0818 -93.2612
19035,17,null,42.7354 -95.6239
19037,16,null,43.06 -92.3177
19039,17,null,41.0295 -93.7856
19041,16,null,43.0825 -95.151
19043,15,null,42.8628 -91.3882
19045,17,null,41.8998 -90.5327
19047,17,null,42.0372 -95.382
19049,13,null,41.6833 -94.0354
19051,17,null,40.7477 -92.4101
19053,18,null,40.7374 -93.7864
19055,16,null,42.4708 -91.3686
19057,19,null,40.8868 -91.2222
19059,15,null,43.378 -95.1509
19061,16,null,42.4681 -90.8818
19063,18,null,43.3778 -94.6787
19065,16,null,42.8627 -91.8441
19067,16,null,43.06 -92.7894
19069,17,null,42.7327 -93.2623
19071,16,null,40.741 -95.6296
19073,15,null,42.0362 -94.3966
19075,14,null,42.3831 -92.8532
19077,15,null,41.6834 -94.4931
19079,15,null,42.3837 -93.7171
19081,14,null,43.0818 -93.7345
19083,15,null,42.3833 -93.2506
19085,16,null,41.6861 -95.8123
19087,17,null,40.9877 -91.5444
19089,16,null,43.3567 -92.317
19091,16,null,42.7765 -94.2072
19093,16,null,42.3869 -95.5136
19095,15,null,41.6863 -92.1217
19097,15,null,42.1718 -90.5736
19099,15,null,41.6855 -93.171
19101,15,null,41.0319 -91.9485
19103,15,null,41.6717 -91.5875
19105,15,null,42.1213 -91.1319
19107,15,null,41.3365 -92.1785
19109,15,null,43.2042 -94.2067
19111,18,null,40.6418 -91.4818
19113,16,null,42.0792 -91.5981
19115,16,null,41.2184 -91.261
19117,15,null,41.0296 -93.3278
19119,14,null,43.3791 -95.9916
19121,15,null,41.3308 -94.0155
19123,17,null,41.3352 -92.6408
19125,15,null,41.3345 -93.0994
19127,15,null,42.0359 -92.9991
19129,14,null,41.0291 -95.6265
19131,15,null,43.3564 -92.7889
19133,17,null,42.0522 -95.9574
19135,18,null,41.0299 -92.8691
19137,17,null,41.0304 -95.2554
19139,15,null,41.466 -91.2369
19141,15,null,43.0831 -95.6248
19143,16,null,43.3782 -95.6242
19145,17,null,40.7393 -95.1498
19147,14,null,43.082 -94.6783
19149,15,null,42.7349 -96.1019
19151,16,null,42.7343 -94.6788
19153,15,null,41.6868 -93.5777
19155,17,null,41.3331 -95.4724
19157,15,null,41.6858 -92.5898
19159,15,null,40.7353 -94.3069
19161,15,null,42.3857 -95.1224
19163,17,null,41.6393 -90.6196
19165,15,null,41.6841 -95.2994
19167,14,null,43.0842 -96.2092
19169,15,null,42.0362 -93.465
19171,17,null,42.0799 -92.5327
19173,16,null,40.7357 -94.6996
19175,16,null,41.0277 -94.2424
19177,16,null,40.7533 -91.9502
19179,20,null,41.0306 -92.4096
19181,14,null,41.3363 -93.5592
19183,15,null,41.337 -91.715
19185,17,null,40.7391 -93.3975
19187,17,null,42.4285 -94.1799
19189,15,null,43.3775 -93.7341
19191,14,null,43.2912 -91.8432
19193,19,null,42.3864 -95.9681
19195,15,null,43.3776 -93.2608
19197,16,null,42.733 -93.7352
20001,19,null,37.8858 -95.3003
20003,17,null,38.214 -95.2924
20005,17,null,39.536 -95.268
20007,17,null,37.2345 -98.6798
20009,17,null,38.4789 -98.7564
20011,19,null,37.8554 -94.8511
20013,17,null,39.8265 -95.5642
20015,16,null,37.7813 -96.8388
20017,15,null,38.3041 -96.5973
20019,17,null,37.1507 -96.3735
20021,19,null,37.1693 -94.8463
20023,16,null,39.7857 -101.7313
20025,16,null,37.2357 -99.8188
20027,14,null,39.3495 -97.1652
20029,18,null,39.48 -97.6502
20031,15,null,38.2365 -95.7338
20033,14,null,37.1911 -99.2711
20035,16,null,37.2376 -96.8391
20037,19,null,37.5065 -94.8528
20039,16,null,39.7846 -100.4593
20041,18,null,38.866 -97.1553
20043,16,null,39.7907 -95.1406
20045,17,null,38.9029 -95.3364
20047,15,null,37.8874 -99.3126
20049,16,null,37.4531 -96.2433
20051,16,null,38.9146 -99.3175
20053,15,null,38.6968 -98.2046
20055,17,null,38.0005 -100.8397
20057,17,null,37.692 -99.8882
20059,18,null,38.5644 -95.2864
20061,22,null,38.9987 -96.7577
20063,14,null,38.9159 -100.4829
20065,15,null,39.3499 -99.8833
20067,15,null,37.5623 -101.308
20069,15,null,37.7384 -100.4369
20071,16,null,38.4808 -101.8061
20073,17,null,37.8775 -96.2325
20075,17,null,37.9998 -101.7921
20077,17,null,37.1918 -98.0758
20079,15,null,38.043 -97.5703
20081,16,null,37.562 -100.8711
20083,14,null,38.0878 -99.8983
20085,16,null,39.4167 -95.7936
20087,16,null,39.2348 -95.3829
20089,17,null,39.7847 -98.2182
20091,11,null,38.8855 -94.8225
20093,16,null,38.0002 -101.3217
20095,14,null,37.5591 -98.1364
20097,15,null,37.5585 -99.2856
20099,19,null,37.1916 -95.2979
20101,15,null,38.4812 -100.4662
20103,18,null,39.2018 -95.0362
20105,15,null,39.0453 -98.2093
20107,18,null,38.2135 -94.8452
20109,14,null,38.9175 -101.1481
20111,18,null,38.4557 -96.1528
20113,14,null,38.3918 -97.6482
20115,15,null,38.3586 -97.0985
20117,15,null,39.7838 -96.5889
20119,16,null,37.2377 -100.3711
20121,15,null,38.5638 -94.8383
20123,16,null,39.3934 -98.2093
20125,19,null,37.1924 -95.7433
20127,15,null,38.6959 -96.6414
20129,15,null,37.1914 -101.7993
20131,15,null,39.7834 -96.0139
20133,20,null,37.5586 -95.3067
20135,15,null,38.4797 -99.9155
20137,17,null,39.7844 -99.9029
20139,17,null,38.652 -95.7322
20141,16,null,39.3504 -98.7675
20143,17,null,39.1321 -97.6507
20145,16,null,38.1811 -99.2369
20147,16,null,39.7847 -99.3471
20149,15,null,39.3793 -96.3457
20151,16,null,37.6479 -98.836
20153,14,null,39.7853 -101.0761
20155,16,null,37.9523 -98.0861
20157,15,null,39.828 -97.6502
20159,17,null,38.3462 -98.1999
20161,15,null,39.2894 -96.7342
20163,16,null,39.3502 -99.3249
20165,15,null,38.5227 -99.3086
20167,16,null,38.915 -98.7632
20169,18,null,38.7839 -97.6501
20171,15,null,38.4822 -100.9066
20173,17,null,37.6935 -97.4802
20175,18,null,37.1932 -100.8507
20177,18,null,39.0432 -95.7697
20179,15,null,39.35 -100.4415
20181,16,null,39.3515 -101.7198
20183,16,null,39.785 -98.7857
20185,16,null,38.031 -98.7176
20187,16,null,37.5635 -101.8669
20189,16,null,37.1923 -101.3119
20191,17,null,37.2368 -97.4772
20193,16,null,39.3511 -101.0554
20195,14,null,38.9147 -99.8728
20197,14,null,38.9547 -96.2035
20199,15,null,38.9162 -101.8286
20201,14,null,39.7841 -97.0875
20203,14,null,38.4819 -101.3487
20205,18,null,37.5594 -95.7432
20207,18,null,37.8865 -95.8072
20209,21,null,39.1173 -94.7638
21001,23,null,37.1046 -85.2813
21003,22,null,36.7819 -86.1848
21005,19,null,38.0067 -84.9917
21007,20,null,37.0584 -88.9943
21009,22,null,36.9647 -85.9334
21011,23,null,38.1474 -83.7459
21013,28,null,36.7335 -83.6777
21015,18,null,38.9707 -84.7261
21017,20,null,38.2054 -84.2183
21019,22,null,38.3618 -82.6865
21021,20,null,37.6268 -84.8634
21023,21,null,38.692 -84.0883
21025,27,null,37.5126 -83.401
21027,22,null,37.7738 -86.4289
21029,20,null,37.9651 -85.6835
21031,23,null,37.1975 -86.7437
21033,20,null,37.1475 -87.8695
21035,19,null,36.6244 -88.3632
21037,19,null,38.9438 -84.3693
21039,22,null,36.8537 -88.9669
21041,22,null,38.6693 -85.0651
21043,23,null,38.3169 -83.0509
21045,26,null,37.3254 -84.9421
21047,23,null,36.8927 -87.4906
21049,19,null,37.9689 -84.1462
21051,29,null,37.1645 -83.7126
21053,23,null,36.7258 -85.1338
21055,22,null,37.3584 -88.0882
21057,21,null,36.7893 -85.3905
21059,17,null,37.7433 -87.226
21061,22,null,37.2122 -86.2396
21063,27,null,38.1162 -83.0977
21065,25,null,37.698 -83.9718
21067,20,null,38.0368 -84.4558
21069,22,null,38.3676 -83.6966
21071,25,null,37.5621 -82.7475
21073,19,null,38.2379 -84.8796
21075,25,null,36.5746 -89.3414
21077,21,null,38.754 -84.8558
21079,20,null,37.6389 -84.5329
21081,23,null,38.6496 -84.6242
21083,22,null,36.7241 -88.6517
21085,24,null,37.4623 -86.3425
21087,21,null,37.2648 -85.5541
21089,20,null,38.565 -82.9753
21091,21,null,37.8377 -86.7828
21093,21,null,37.6976 -85.9632
21095,27,null,36.857 -83.219
21097,20,null,38.4419 -84.3287
21099,23,null,37.2992 -85.9075
21101,21,null,37.7916 -87.4658
21103,21,null,38.4662 -85.1083
21105,22,null,36.6795 -88.9788
21107,20,null,37.3094 -87.5467
21109,27,null,37.4186 -83.9983
21111,20,null,38.1886 -85.6783
21113,20,null,37.8662 -84.5763
21115,22,null,37.851 -82.8264
21117,21,null,38.9395 -84.5324
21119,25,null,37.3475 -82.9517
21121,28,null,36.8922 -83.854
21123,21,null,37.5457 -85.7014
21125,21,null,37.1098 -84.1132
21127,23,null,38.0727 -82.7435
21129,27,null,37.6054 -83.714
21131,26,null,37.0925 -83.38
21133,26,null,37.1141 -82.8594
21135,25,null,38.5182 -83.4482
21137,23,null,37.4548 -84.6565
21139,20,null,37.2114 -88.348
21141,22,null,36.8595 -86.8776
21143,19,null,37.0234 -88.0841
21145,21,null,37.0535 -88.7045
21147,32,null,36.7387 -84.481
21149,21,null,37.5302 -87.268
21151,19,null,37.7166 -84.2722
21153,25,null,37.7082 -83.0658
21155,23,null,37.5522 -85.269
21157,19,null,36.88 -88.328
21159,25,null,37.7999 -82.5125
21161,22,null,38.5947 -83.8215
21163,21,null,37.9616 -86.2103
21165,21,null,37.9403 -83.6565
21167,21,null,37.8245 -84.8859
21169,24,null,36.9946 -85.6312
21171,23,null,36.7283 -85.7066
21173,23,null,38.0325 -83.9145
21175,25,null,37.9141 -83.303
21177,22,null,37.2283 -87.1993
21179,19,null,37.7656 -85.5127
21181,24,null,38.3334 -84.0189
21183,23,null,37.475 -86.8742
21185,16,null,38.3979 -85.4482
21187,21,null,38.5168 -84.824
21189,26,null,37.4282 -83.6882
21191,20,null,38.6961 -84.356
21193,25,null,37.2502 -83.2292
21195,23,null,37.4709 -82.3949
21197,24,null,37.8322 -83.8256
21199,24,null,37.1046 -84.5763
21201,23,null,38.5192 -84.0505
21203,24,null,37.3664 -84.3118
21205,24,null,38.1948 -83.4209
21207,23,null,36.9931 -85.0607
21209,18,null,38.2962 -84.5817
21211,19,null,38.2148 -85.1942
21213,21,null,36.7406 -86.5805
21215,18,null,38.0322 -85.3275
21217,22,null,37.3376 -85.3295
21219,22,null,36.8381 -87.1788
21221,20,null,36.8077 -87.8733
21223,21,null,38.6106 -85.3378
21225,22,null,37.6617 -87.943
21227,20,null,36.9833 -86.4674
21229,20,null,37.756 -85.1741
21231,24,null,36.8031 -84.8252
21233,23,null,37.5217 -87.6799
21235,24,null,36.757 -84.1454
21237,29,null,37.7394 -83.493
21239,18,null,38.0418 -84.7418
22001,22,null,30.2951 -92.4142
22003,22,null,30.6539 -92.8244
22005,18,null,30.2041 -90.9649
22007,21,null,29.8995 -91.0646
22009,23,null,31.078 -92.0008
22011,21,null,30.6484 -93.3417
22013,22,null,32.3457 -93.054
22015,19,null,32.6793 -93.6046
22017,22,null,32.5799 -93.8838
22019,20,null,30.2293 -93.354
22021,23,null,32.1024 -92.1375
22023,19,null,29.8209 -92.7704
22025,23,null,31.6678 -91.8452
22027,26,null,32.8015 -93.0221
22029,25,null,31.4482 -91.6382
22031,22,null,32.0546 -93.7413
22033,18,null,30.5384 -91.0978
22035,32,null,32.7389 -91.2564
22037,21,null,30.8442 -91.0498
22039,24,null,30.7298 -92.3991
22041,24,null,32.1129 -91.7028
22043,23,null,31.5988 -92.5613
22045,21,null,29.868 -91.7587
22047,21,null,30.2614 -91.3609
22049,22,null,32.3025 -92.5569
22051,19,null,29.6771 -90.0911
22053,21,null,30.269 -92.8121
22055,18,null,30.2091 -92.1125
22057,19,null,29.5247 -90.4098
22059,23,null,31.6789 -92.1591
22061,21,null,32.6063 -92.7275
22063,22,null,30.4414 -90.7306
22065,28,null,32.3907 -91.2392
22067,23,null,32.8168 -91.8042
22069,24,null,31.7232 -93.0982
22071,23,null,30.0697 -89.9266
22073,21,null,32.4765 -92.157
22075,20,null,29.4225 -89.6032
22077,20,null,30.7141 -91.6021
22079,22,null,31.1978 -92.53
22081,22,null,32.0953 -93.3422
22083,23,null,32.4095 -91.7766
22085,21,null,31.5639 -93.5543
22087,23,null,29.8776 -89.5189
22089,19,null,29.8764 -90.3537
22091,24,null,30.8221 -90.7101
22093,19,null,30.0253 -90.8021
22095,21,null,30.126 -90.4754
22097,24,null,30.5972 -92.0014
22099,22,null,30.2655 -91.7564
22101,22,null,29.6926 -91.447
22103,18,null,30.4274 -89.971
22105,22,null,30.6289 -90.4066
22107,28,null,32.0076 -91.3292
22109,22,null,29.408 -90.8596
22111,19,null,32.8312 -92.3749
22113,20,null,29.8352 -92.3029
22115,20,null,31.1119 -93.1892
22117,23,null,30.8339 -90.0376
22119,23,null,32.6018 -93.3388
22121,20,null,30.4606 -91.3099
22123,21,null,32.7855 -91.4612
22125,22,null,30.8765 -91.4103
22127,23,null,31.9445 -92.6379
23001,16,null,44.1665 -70.2038
23003,19,null,46.9862 -68.6101
23005,11,null,43.8371 -70.3723
23007,16,null,44.9107 -70.3822
23009,14,null,44.5662 -68.4201
23011,16,null,44.4076 -69.7674
23013,14,null,44.1306 -69.2307
23015,15,null,44.06 -69.5423
23017,18,null,44.4995 -70.7568
23019,17,null,45.5199 -68.6477
23021,19,null,45.8384 -69.286
23023,14,null,43.8812 -69.8719
23025,19,null,45.2203 -69.9098
23027,18,null,44.4858 -69.1206
23029,18,null,45.0161 -67.6281
23031,14,null,43.4781 -70.7105
24001,16,null,39.5817 -78.926
24003,14,null,39.0067 -76.6033
24005,13,null,39.4604 -76.632
24009,14,null,38.4626 -76.5445
24011,19,null,38.8717 -75.829
24013,13,null,39.5645 -77.0237
24015,17,null,39.5665 -75.9463
24017,14,null,38.5109 -76.9858
24019,18,null,38.3906 -76.0229
24021,12,null,39.4695 -77.427
24023,15,null,39.5278 -79.2736
24025,15,null,39.5501 -76.3078
24027,9,null,39.2531 -76.9313
24029,13,null,39.1902 -76.0809
24031,8,null,39.1439 -77.2048
24033,12,null,38.8307 -76.8497
24035,12,null,39.062 -76.0353
24037,15,null,38.3006 -76.6063
24039,20,null,38.1078 -75.7514
24041,13,null,38.7662 -76.1088
24043,15,null,39.5203 -77.7356
24045,15,null,38.3903 -75.758
24047,14,null,38.2127 -75.332
24510,20,null,39.3021 -76.6115
25001,12,null,41.7298 -70.2886
25003,14,null,42.3198 -73.2285
25005,15,null,41.7923 -71.1087
25007,12,null,41.3823 -70.6398
25009,12,null,42.6543 -70.9248
25011,14,null,42.5812 -72.586
25013,15,null,42.1344 -72.6323
25015,13,null,42.34 -72.659
25017,10,null,42.4861 -71.3905
25019,14,null,41.3149 -70.0449
25021,12,null,42.1588 -71.2154
25023,15,null,41.879 -70.803
25025,14,null,42.3241 -71.095
25027,14,null,42.3503 -71.9049
27001,15,null,46.6096 -93.4117
27003,15,null,45.2748 -93.246
27005,17,null,46.9344 -95.6788
27007,19,null,47.9737 -94.9373
27009,17,null,45.6906 -93.9586
27011,15,null,45.4271 -96.414
27013,16,null,44.0562 -94.1635
27015,13,null,44.242 -94.7256
27017,20,null,46.5918 -92.676
27019,12,null,44.8095 -93.843
27021,16,null,46.9504 -94.326
27023,15,null,45.0234 -95.564
27025,15,null,45.5021 -92.9086
27027,15,null,46.8904 -96.5029
27029,19,null,47.772 -95.376
27031,15,null,47.905 -90.5263
27033,14,null,44.0219 -95.2885
27035,17,null,46.481 -94.0675
27037,14,null,44.6976 -93.1039
27039,14,null,44.0224 -92.8624
27041,13,null,45.9332 -95.4547
27043,14,null,43.6738 -93.9481
27045,15,null,43.6743 -92.2751
27047,15,null,43.6738 -93.3488
27049,15,null,44.4085 -92.7234
27051,15,null,45.9342 -96.0123
27053,12,null,45.0189 -93.4729
27055,14,null,43.6738 -91.474
27057,14,null,47.1078 -94.9169
27059,15,null,45.573 -93.3524
27061,16,null,47.5101 -93.6309
27063,14,null,43.6742 -95.154
27065,18,null,45.9459 -93.2928
27067,15,null,45.1526 -95.0059
27069,15,null,48.7723 -96.8084
27071,16,null,48.2789 -93.9971
27073,13,null,44.9974 -96.1749
27075,14,null,47.6427 -91.4456
27077,15,null,48.8752 -94.8857
27079,14,null,44.3714 -93.7284
27081,14,null,44.414 -96.2662
27083,15,null,44.413 -95.8433
27085,14,null,44.8048 -94.3275
27087,25,null,47.3256 -95.8092
27089,14,null,48.3586 -96.3715
27091,14,null,43.6743 -94.551
27093,14,null,45.1233 -94.5284
27095,18,null,46.1291 -93.6207
27097,15,null,46.0127 -94.2734
27099,15,null,43.674 -92.8749
27101,14,null,44.0222 -95.7633
27103,14,null,44.3529 -94.2471
27105,14,null,43.6743 -95.7533
27107,15,null,47.3249 -96.4623
27109,12,null,44.0146 -92.5085
27111,13,null,46.4124 -95.7134
27113,14,null,48.0664 -96.0371
27115,20,null,46.1211 -92.7407
27117,15,null,44.023 -96.2584
27119,15,null,47.8366 -96.8092
27121,14,null,45.586 -95.4445
27123,14,null,45.0163 -93.0987
27125,15,null,47.8623 -96.0958
27127,15,null,44.4056 -95.2521
27129,14,null,44.6742 -94.8285
27131,15,null,44.3701 -93.3512
27133,14,null,43.6748 -96.253
27135,15,null,48.7695 -95.7137
27137,17,null,47.6048 -92.4688
27139,12,null,44.6781 -93.5057
27141,15,null,45.4445 -93.7762
27143,14,null,44.587 -93.9747
27145,15,null,45.5519 -94.6108
27147,14,null,44.0224 -93.2262
27149,14,null,45.5859 -96.0007
27151,15,null,45.2824 -95.4673
27153,15,null,46.07 -94.8979
27155,15,null,45.773 -96.4706
27157,14,null,44.2811 -92.2027
27159,16,null,46.5859 -94.9697
27161,15,null,44.0221 -93.5872
27163,11,null,45.179 -92.8805
27165,15,null,43.9782 -94.6141
27167,15,null,46.3572 -96.4684
27169,15,null,44.0221 -91.9043
27171,15,null,45.173 -93.9624
27173,15,null,44.7171 -95.8685
26001,16,null,44.6838 -83.5826
26003,18,null,46.4227 -86.4905
26005,16,null,42.5939 -85.9101
26007,17,null,45.0318 -83.7132
26009,16,null,44.9969 -85.155
26011,18,null,44.0636 -83.8928
26013,19,null,46.6721 -88.3636
26015,16,null,42.5951 -85.3083
26017,18,null,43.7064 -83.9873
26019,16,null,44.639 -86.0161
26021,17,null,41.9545 -86.4131
26023,18,null,41.916 -85.0593
26025,19,null,42.2463 -85.0049
26027,16,null,41.9152 -85.9941
26029,15,null,45.239 -85.0552
26031,18,null,45.4478 -84.5012
26033,22,null,46.3444 -84.3592
26035,20,null,43.9879 -84.8482
26037,15,null,42.9444 -84.6626
26039,18,null,44.6826 -84.6107
26041,17,null,45.9049 -86.9081
26043,18,null,46.01 -87.8696
26045,17,null,42.596 -84.8374
26047,17,null,45.5263 -84.8908
26049,19,null,43.0224 -83.7059
26051,18,null,43.9877 -84.3871
26053,19,null,46.4086 -89.6938
26055,17,null,44.6957 -85.5558
26057,20,null,43.2921 -84.6069
26059,19,null,41.8848 -84.6378
26061,19,null,46.8999 -88.685
26063,16,null,43.8685 -82.9034
26065,18,null,42.5972 -84.3747
26067,18,null,42.945 -85.0741
26069,17,null,44.3367 -83.7117
26071,17,null,46.2097 -88.5314
26073,20,null,43.6406 -84.8474
26075,19,null,42.2481 -84.4226
26077,18,null,42.2454 -85.5886
26079,19,null,44.6854 -85.0907
26081,15,null,43.0312 -85.5501
26083,16,null,47.366 -88.0948
26085,20,null,43.9905 -85.8022
26087,16,null,43.0905 -83.2215
26089,14,null,44.9236 -85.7618
26091,17,null,41.8947 -84.0632
26093,14,null,42.603 -83.913
26095,20,null,46.4723 -85.5447
26097,19,null,46.0472 -84.8733
26099,19,null,42.6916 -82.9275
26101,16,null,44.3335 -86.0563
26103,17,null,46.4513 -87.6512
26105,18,null,43.9972 -86.2763
26107,19,null,43.6409 -85.3237
26109,17,null,45.5804 -87.5537
26111,15,null,43.6433 -84.388
26113,18,null,44.3377 -85.0926
26115,17,null,41.9068 -83.5906
26117,20,null,43.2935 -85.0385
26119,17,null,45.0276 -84.1269
26121,20,null,43.2912 -86.1518
26123,19,null,43.5544 -85.8007
26125,12,null,42.6609 -83.386
26127,18,null,43.6434 -86.2893
26129,19,null,44.3348 -84.1272
26131,17,null,46.6652 -89.3139
26133,19,null,43.9899 -85.3257
26135,17,null,44.6819 -84.1294
26137,18,null,45.0208 -84.599
26139,14,null,42.96 -85.9969
26141,16,null,45.3402 -83.915
26143,17,null,44.3347 -84.6106
26145,18,null,43.3344 -84.0513
26147,18,null,42.9265 -82.6794
26149,18,null,41.9153 -85.5418
26151,18,null,43.4223 -82.8132
26153,19,null,46.1924 -86.1997
26155,18,null,42.9539 -84.1459
26157,18,null,43.4833 -83.4376
26159,18,null,42.2519 -86.0194
26161,12,null,42.2534 -83.8357
26163,21,null,42.281 -83.2812
26165,19,null,44.3386 -85.5776
28001,22,null,31.4767 -91.3533
28003,19,null,34.8758 -88.5935
28005,19,null,31.1745 -90.8215
28007,19,null,33.0866 -89.5784
28009,18,null,34.8168 -89.1895
28011,25,null,33.797 -90.8737
28013,20,null,33.9368 -89.3369
28015,16,null,33.4458 -89.9435
28017,21,null,33.9068 -89.0236
28019,19,null,33.346 -89.2481
28021,25,null,31.9706 -90.907
28023,18,null,32.0416 -88.689
28025,21,null,33.6593 -88.8818
28027,25,null,34.2277 -90.6042
28029,20,null,31.8698 -90.4457
28031,20,null,31.6323 -89.5539
28033,15,null,34.8518 -90.0174
28035,19,null,31.1896 -89.2583
28037,18,null,31.4779 -90.8967
28039,17,null,30.8663 -88.6488
28041,17,null,31.2144 -88.6392
28043,20,null,33.7874 -89.8218
28045,18,null,30.3773 -89.5034
28047,22,null,30.5136 -89.1246
28049,19,null,32.2656 -90.4443
28051,28,null,33.1235 -90.0892
28053,26,null,33.126 -90.5233
28055,27,null,32.6486 -90.9288
28057,19,null,34.2799 -88.3607
28059,19,null,30.5402 -88.6418
28061,19,null,32.0192 -89.1179
28063,27,null,31.734 -91.0376
28065,25,null,31.5689 -89.8267
28067,19,null,31.6226 -89.169
28069,23,null,32.753 -88.631
28071,18,null,34.3578 -89.4834
28073,17,null,31.2083 -89.501
28075,20,null,32.4012 -88.7375
28077,20,null,31.5515 -90.1084
28079,21,null,32.7537 -89.524
28081,18,null,34.2918 -88.6833
28083,24,null,33.5234 -90.2773
28085,20,null,31.5329 -90.4539
28087,17,null,33.4738 -88.4419
28089,15,null,32.6339 -90.0351
28091,20,null,31.2313 -89.8209
28093,19,null,34.735 -89.4849
28095,18,null,33.8924 -88.4808
28097,19,null,33.4942 -89.6173
28099,22,null,32.7541 -89.1168
28101,20,null,32.4003 -89.1459
28103,22,null,33.1072 -88.6319
28105,19,null,33.4249 -88.8791
28107,21,null,34.357 -89.9598
28109,19,null,30.7709 -89.5868
28111,20,null,31.1716 -88.9928
28113,23,null,31.1751 -90.4039
28115,18,null,34.2266 -89.0354
28117,21,null,34.6181 -88.5199
28119,26,null,34.2312 -90.2927
28121,16,null,32.2647 -89.9454
28123,21,null,32.4067 -89.5379
28125,24,null,32.8815 -90.816
28127,21,null,31.9012 -89.9417
28129,18,null,32.0175 -89.5065
28131,18,null,30.7919 -89.1154
28133,25,null,33.4264 -90.6074
28135,22,null,33.9309 -90.1885
28137,18,null,34.6634 -89.9127
28139,19,null,34.7687 -88.9099
28141,18,null,34.7293 -88.2317
28143,22,null,34.6484 -90.3928
28145,17,null,34.4916 -89.0077
28147,20,null,31.1497 -90.1045
28149,20,null,32.3486 -90.8312
28151,21,null,33.2839 -90.942
28153,19,null,31.6413 -88.6957
28155,19,null,33.5996 -89.3673
28157,25,null,31.1608 -91.3102
28159,20,null,33.0875 -89.0339
28161,20,null,34.0282 -89.7076
28163,25,null,32.7627 -90.5001
29001,21,null,40.1906 -92.6008
29003,18,null,39.9849 -94.8016
29005,18,null,40.4235 -95.4717
29007,21,null,39.2035 -91.8814
29009,22,null,36.7153 -93.8254
29011,20,null,37.5015 -94.3457
29013,20,null,38.2527 -94.3411
29015,20,null,38.2947 -93.2913
29017,21,null,37.2212 -90.0421
29019,19,null,38.9919 -92.3072
29021,22,null,39.6582 -94.8014
29023,22,null,36.7146 -90.4042
29025,20,null,39.6568 -94.0762
29027,18,null,38.8368 -91.9219
29029,18,null,38.0318 -92.742
29031,18,null,37.3849 -89.6843
29033,20,null,39.4113 -93.5549
29035,21,null,36.9536 -91.0827
29037,17,null,38.6479 -94.3534
29039,23,null,37.7369 -93.9112
29041,19,null,39.515 -92.9629
29043,19,null,36.9537 -93.1766
29045,20,null,40.4104 -91.7366
29047,16,null,39.3113 -94.4185
29049,18,null,39.601 -94.4041
29051,18,null,38.5373 -92.2934
29053,19,null,38.8445 -92.809
29055,23,null,37.9766 -91.3053
29057,21,null,37.4318 -93.8499
29059,20,null,37.6596 -93.0171
29061,20,null,39.9607 -93.9889
29063,20,null,39.892 -94.4048
29065,22,null,37.6066 -91.5079
29067,22,null,36.9326 -92.499
29069,26,null,36.2717 -90.0912
29071,19,null,38.4113 -91.0752
29073,18,null,38.4312 -91.5061
29075,19,null,40.211 -94.4094
29077,20,null,37.2576 -93.3423
29079,20,null,40.1141 -93.5651
29081,21,null,40.3557 -93.9922
29083,21,null,38.3848 -93.7929
29085,20,null,37.9379 -93.3192
29087,19,null,40.098 -95.2164
29089,20,null,39.1436 -92.6976
29091,22,null,36.7306 -91.888
29093,22,null,37.5549 -90.7735
29095,20,null,39.01 -94.3473
29097,19,null,37.2061 -94.4603
29099,19,null,38.2593 -90.5387
29101,20,null,38.7472 -93.8069
29103,19,null,40.1261 -92.1475
29105,22,null,37.6843 -92.644
29107,19,null,39.0699 -93.7808
29109,21,null,37.1065 -93.8339
29111,20,null,40.1012 -91.7967
29113,21,null,39.0491 -90.963
29115,20,null,39.8687 -93.1961
29117,20,null,39.7895 -93.5839
29119,23,null,36.6328 -94.4845
29121,20,null,39.8305 -92.5645
29123,22,null,37.4786 -90.3467
29125,20,null,38.1514 -92.0549
29127,20,null,39.806 -91.6221
29129,20,null,40.4222 -93.5706
29131,20,null,38.2145 -92.4261
29133,27,null,36.8252 -89.295
29135,19,null,38.6357 -92.5798
29137,18,null,39.5004 -92.011
29139,21,null,38.9402 -91.47
29141,22,null,38.4182 -92.8879
29143,25,null,36.6076 -89.6476
29145,20,null,36.9052 -94.3394
29147,20,null,40.3608 -94.8813
29149,22,null,36.6929 -91.4784
29151,17,null,38.4603 -91.8614
29153,22,null,36.6492 -92.4446
29155,25,null,36.2131 -89.7874
29157,19,null,37.7315 -89.8204
29159,22,null,38.728 -93.2847
29161,20,null,37.8774 -91.7935
29163,21,null,39.3686 -91.2308
29165,18,null,39.3815 -94.7707
29167,21,null,37.6162 -93.3983
29169,20,null,37.8246 -92.2079
29171,22,null,40.4794 -93.0204
29173,19,null,39.5282 -91.5184
29175,22,null,39.4401 -92.4972
29177,20,null,39.3538 -93.9891
29179,21,null,37.3609 -90.9701
29181,24,null,36.6608 -90.9635
29183,16,null,38.7483 -90.7509
29185,21,null,38.037 -93.7763
29186,19,null,37.8909 -90.195
29187,22,null,37.8121 -90.476
29189,16,null,38.6391 -90.427
29195,20,null,39.165 -93.1728
29197,21,null,40.4692 -92.5231
29199,21,null,40.4521 -92.1471
29201,22,null,37.0602 -89.5861
29203,24,null,37.1577 -91.4019
29205,19,null,39.7974 -92.0764
29207,21,null,36.8557 -89.9444
29209,19,null,36.75 -93.4526
29211,20,null,40.2099 -93.1115
29213,21,null,36.6547 -93.0407
29215,23,null,37.3271 -91.9742
29217,21,null,37.8499 -94.4077
29219,20,null,38.7653 -91.1612
29221,22,null,37.9648 -90.87
29223,24,null,37.1198 -90.445
29225,22,null,37.2814 -92.8764
29227,19,null,40.4782 -94.3504
29229,25,null,37.2703 -92.4692
29510,25,null,38.6356 -90.2435
30001,15,null,45.1343 -112.8985
30003,29,null,45.5187 -107.4816
30005,26,null,48.4317 -108.9583
30007,15,null,46.3328 -111.4956
30009,14,null,45.3191 -108.9484
30011,14,null,45.497 -104.5387
30013,17,null,47.308 -111.3468
30015,19,null,47.8609 -110.4717
30017,15,null,46.2532 -105.5737
30019,13,null,48.7814 -105.4973
30021,14,null,47.2659 -104.8945
30023,19,null,46.0595 -113.0734
30025,13,null,46.3348 -104.4184
30027,15,null,47.2633 -109.2245
30029,16,null,48.2985 -114.3171
30031,14,null,45.5449 -111.1693
30033,15,null,47.2755 -107.0002
30035,31,null,48.6546 -113.0336
30037,16,null,46.3817 -109.1768
30039,14,null,46.4061 -113.4414
30041,23,null,48.6288 -110.1129
30043,15,null,46.159 -112.1291
30045,15,null,47.045 -110.267
30047,20,null,47.5951 -114.1476
30049,14,null,47.1876 -112.3994
30051,15,null,48.5608 -111.0243
30053,16,null,48.5427 -115.4046
30055,13,null,47.5954 -105.8067
30057,14,null,45.3008 -111.9173
30059,17,null,46.5991 -110.8899
30061,18,null,47.1528 -115.0015
30063,17,null,47.0373 -113.9213
30065,18,null,46.4969 -108.395
30067,14,null,45.4897 -110.5265
30069,15,null,47.1182 -108.2509
30071,18,null,48.2594 -107.9129
30073,19,null,48.234 -112.1022
30075,15,null,45.3962 -105.6367
30077,18,null,46.8554 -112.9359
30079,13,null,46.8605 -105.3794
30081,15,null,46.0852 -114.1189
30083,14,null,47.7867 -104.5611
30085,31,null,48.2798 -105.5602
30087,21,null,46.234 -106.7293
30089,18,null,47.6766 -115.133
30091,15,null,48.7209 -104.5038
30093,17,null,45.9046 -112.6379
30095,13,null,45.6707 -109.395
30097,14,null,45.8137 -109.9426
30099,15,null,47.8156 -112.2116
30101,18,null,48.6558 -111.6942
30103,16,null,46.2097 -107.2666
30105,16,null,48.3307 -106.7457
30107,17,null,46.4861 -110.0152
30109,16,null,46.9593 -104.2511
30111,16,null,45.9396 -108.2692
31001,15,null,40.5245 -98.5012
31003,14,null,42.1764 -98.0669
31005,15,null,41.569 -101.696
31007,15,null,41.5462 -103.7109
31009,13,null,41.913 -99.9772
31011,14,null,41.7076 -98.0674
31013,16,null,42.2204 -103.0711
31015,13,null,42.8997 -98.7649
31017,16,null,42.4302 -99.9291
31019,15,null,40.8499 -99.0739
31021,17,null,41.8506 -96.3261
31023,14,null,41.227 -97.1311
31025,16,null,40.9246 -96.0415
31027,13,null,42.6086 -97.2504
31029,14,null,40.5237 -101.8768
31031,14,null,42.5425 -100.715
31033,14,null,41.2205 -102.9959
31035,15,null,40.5245 -98.0511
31037,15,null,41.5749 -97.0868
31039,13,null,41.9164 -96.7873
31041,15,null,41.3937 -99.7272
31043,17,null,42.3904 -96.5666
31045,15,null,42.7199 -103.1314
31047,14,null,40.8703 -99.8201
31049,14,null,41.1119 -102.3363
31051,13,null,42.4919 -96.8678
31053,17,null,41.5807 -96.656
31055,16,null,41.2916 -96.1804
31057,16,null,40.1766 -101.5297
31059,14,null,40.5245 -97.5966
31061,15,null,40.1764 -98.953
31063,14,null,40.5249 -100.6024
31065,16,null,40.1763 -99.913
31067,15,null,40.2623 -96.69
31069,14,null,41.568 -102.3311
31071,13,null,41.9143 -98.9911
31073,12,null,40.5148 -99.8302
31075,16,null,41.9192 -101.7469
31077,13,null,41.5674 -98.5215
31079,16,null,40.8726 -98.5022
31081,13,null,40.8735 -98.021
31083,15,null,40.1765 -99.4048
31085,14,null,40.5245 -101.0604
31087,16,null,40.1761 -101.0416
31089,13,null,42.4552 -98.784
31091,13,null,41.9159 -101.1354
31093,15,null,41.2203 -98.5175
31095,15,null,40.1758 -97.1426
31097,16,null,40.3926 -96.2652
31099,15,null,40.5066 -98.9487
31101,15,null,41.1997 -101.4682
31103,12,null,42.8799 -99.7134
31105,15,null,41.1977 -103.7148
31107,13,null,42.6617 -97.6358
31109,13,null,40.7841 -96.6878
31111,16,null,41.0466 -100.7475
31113,15,null,41.5666 -100.4821
31115,13,null,41.9137 -99.4544
31117,14,null,41.5684 -101.2324
31119,15,null,41.9166 -97.6013
31121,16,null,41.1662 -98.0375
31123,15,null,41.7215 -103.0034
31125,15,null,41.3975 -97.9933
31127,15,null,40.3927 -95.9358
31129,14,null,40.1764 -98.0474
31131,14,null,40.6535 -96.3333
31133,15,null,40.1314 -96.2371
31135,12,null,40.8508 -101.6503
31137,13,null,40.5178 -99.4764
31139,15,null,42.2643 -97.6012
31141,15,null,41.5725 -97.5214
31143,14,null,41.1881 -97.5663
31145,16,null,40.1758 -100.4762
31147,17,null,40.1314 -95.6165
31149,13,null,42.4225 -99.4483
31151,15,null,40.5242 -97.1406
31153,13,null,41.0928 -96.2413
31155,14,null,41.2343 -96.6138
31157,18,null,41.8507 -103.7081
31159,14,null,40.8724 -97.1396
31161,16,null,42.5028 -102.4127
31163,14,null,41.2204 -98.9759
31165,14,null,42.4893 -103.7576
31167,14,null,41.917 -97.1939
31169,13,null,40.1763 -97.595
31171,14,null,41.9136 -100.5557
31173,27,null,42.1481 -96.4251
31175,14,null,41.5673 -98.982
31177,14,null,41.5281 -96.2202
31179,14,null,42.2212 -97.2376
31181,15,null,40.1764 -98.5002
31183,15,null,41.9147 -98.5283
31185,14,null,40.8727 -97.5972
32001,18,null,39.5374 -118.3434
32003,17,null,36.3895 -115.4344
32005,14,null,38.9129 -119.6171
32007,17,null,41.1453 -115.3578
32009,19,null,37.7844 -117.632
32011,17,null,39.5645 -116.1979
32013,17,null,41.4069 -118.1109
32015,17,null,39.9332 -117.0397
32017,16,null,38.2185 -114.5203
32019,21,null,38.8938 -119.2332
32021,21,null,38.4842 -118.4241
32023,18,null,38.0426 -116.4723
32027,18,null,40.44 -118.4006
32029,15,null,39.4488 -119.525
32031,15,null,40.6656 -119.6632
32033,18,null,39.4416 -114.9
32510,19,null,39.1684 -119.7557
33001,14,null,43.5164 -71.4169
33003,15,null,43.7833 -71.2642
33005,17,null,42.9202 -72.2531
33007,17,null,44.6906 -71.3063
33009,13,null,43.9378 -71.8206
33011,14,null,42.9521 -71.8072
33013,14,null,43.3037 -71.7957
33015,12,null,43.0059 -71.1819
33017,17,null,43.2975 -71.0302
33019,16,null,43.3609 -72.222
34001,16,null,39.4754 -74.6585
34003,11,null,40.9601 -74.0716
34005,12,null,39.8768 -74.6693
34007,16,null,39.8034 -74.9639
34009,16,null,39.1501 -74.8017
34011,18,null,39.3727 -75.1365
34013,14,null,40.7915 -74.2444
34015,16,null,39.7158 -75.14
34017,15,null,40.7365 -74.0753
34019,13,null,40.5638 -74.9506
34021,14,null,40.2813 -74.7065
34023,11,null,40.431 -74.4131
34025,13,null,40.2655 -74.2224
34027,12,null,40.8609 -74.5455
34029,14,null,39.8895 -74.2809
34031,14,null,41.0324 -74.2995
34033,18,null,39.5968 -75.3515
34035,11,null,40.5647 -74.6168
34037,14,null,41.1389 -74.6912
34039,13,null,40.6584 -74.3068
34041,14,null,40.8493 -74.981
35001,15,null,35.0517 -106.6703
35003,14,null,33.9151 -108.4047
35005,17,null,33.3641 -104.4665
35006,23,null,34.9632 -107.8908
35007,17,null,36.6057 -104.6472
35009,19,null,34.5742 -103.3469
35011,16,null,34.3427 -104.4118
35013,16,null,32.3528 -106.8329
35015,16,null,32.4826 -104.3689
35017,14,null,32.7391 -108.3828
35019,15,null,34.8632 -104.7907
35021,14,null,35.8575 -103.8221
35023,17,null,31.9138 -108.7152
35025,17,null,32.7854 -103.4335
35027,16,null,33.7452 -105.4586
35028,11,null,35.8663 -106.3135
35029,19,null,32.1818 -107.7509
35031,22,null,35.5801 -108.2623
35033,19,null,36.0081 -104.9629
35035,19,null,32.6135 -105.7418
35037,17,null,35.104 -103.5482
35039,18,null,36.4654 -106.5773
35041,18,null,34.021 -103.4799
35043,16,null,35.6886 -106.8688
35045,22,null,36.5002 -108.546
35047,18,null,35.4801 -104.8164
35049,14,null,35.3081 -105.9824
35051,16,null,33.1303 -107.1926
35053,19,null,34.0277 -107.1735
35055,16,null,36.4422 -105.6293
35057,20,null,34.6405 -105.8509
35059,15,null,36.4813 -103.4709
35061,17,null,34.7167 -106.8104
36001,15,null,42.6006 -73.9773
36003,17,null,42.26 -78.0159
36005,16,null,40.8521 -73.8628
36007,16,null,42.2047 -75.9192
36009,17,null,42.2478 -78.6792
36011,16,null,42.9127 -76.5573
36013,17,null,42.2277 -79.3669
36015,17,null,42.1469 -76.8189
36017,16,null,42.4702 -75.6146
36019,17,null,44.7203 -73.6809
36021,15,null,42.2482 -73.6309
36023,15,null,42.5951 -76.0705
36025,16,null,42.1984 -74.9671
36027,15,null,41.7649 -73.7436
36029,17,null,42.7625 -78.7306
36031,14,null,44.1163 -73.773
36033,19,null,44.5904 -74.2993
36035,18,null,43.1136 -74.418
36037,16,null,42.9982 -78.3301
36039,15,null,42.2758 -74.1239
36041,14,null,43.6615 -74.4972
36043,18,null,43.0865 -74.9575
36045,16,null,44.0367 -76.0732
36047,14,null,40.6399 -73.9739
36049,16,null,43.7844 -75.4491
36051,15,null,42.726 -77.7797
36053,15,null,42.9536 -75.7636
36055,15,null,43.1464 -77.6932
36057,17,null,42.9012 -74.4401
36059,11,null,40.7407 -73.5894
36061,12,null,40.7672 -73.9715
36063,17,null,43.1952 -78.7695
36065,17,null,43.2438 -75.4371
36067,16,null,43.0049 -76.1997
36069,14,null,42.8515 -77.3087
36071,15,null,41.4034 -74.3024
36073,17,null,43.252 -78.2306
36075,19,null,43.4278 -76.1464
36077,16,null,42.6113 -75.1182
36079,13,null,41.4263 -73.7497
36081,12,null,40.7109 -73.8168
36083,15,null,42.7135 -73.5109
36085,15,null,40.5858 -74.1481
36087,12,null,41.1503 -74.0256
36089,17,null,44.4976 -75.0655
36091,15,null,43.0885 -73.869
36093,14,null,42.8351 -74.0409
36095,15,null,42.5883 -74.4434
36097,16,null,42.3902 -76.8632
36099,16,null,42.7808 -76.8249
36101,15,null,42.2896 -77.4591
36103,13,null,40.8787 -72.8111
36105,16,null,41.722 -74.8523
36107,16,null,42.1685 -76.3084
36109,14,null,42.4495 -76.4723
36111,16,null,41.8903 -74.2625
36113,14,null,43.5617 -73.8434
36115,15,null,43.3748 -73.4393
36117,16,null,43.155 -77.0298
36119,11,null,41.1628 -73.7574
36121,16,null,42.6947 -78.2206
36123,15,null,42.6351 -77.1037
37001,17,null,36.0434 -79.3998
37003,17,null,35.9224 -81.1775
37005,17,null,36.4714 -81.0388
37007,20,null,34.974 -80.0995
37009,17,null,36.4329 -81.4986
37011,17,null,36.0994 -81.9084
37013,18,null,35.4853 -76.8433
37015,20,null,36.0689 -76.9655
37017,19,null,34.6119 -78.5393
37019,15,null,34.0706 -78.2281
37021,17,null,35.6111 -82.5331
37023,17,null,35.7791 -81.7661
37025,16,null,35.3878 -80.5527
37027,17,null,35.9521 -81.548
37029,16,null,36.3381 -76.1557
37031,16,null,34.8933 -76.5412
37033,18,null,36.3931 -79.3335
37035,16,null,35.6875 -81.2314
37037,14,null,35.6959 -79.3749
37039,17,null,35.1349 -84.0597
37041,18,null,36.1291 -76.6012
37043,16,null,35.0735 -83.7441
37045,18,null,35.3355 -81.5521
37047,19,null,34.2674 -78.658
37049,16,null,35.1137 -77.0632
37051,18,null,35.0476 -78.8262
37053,15,null,36.3613 -75.9588
37055,16,null,35.6652 -75.7177
37057,18,null,35.7912 -80.2126
37059,15,null,35.931 -80.545
37061,21,null,34.9345 -77.9314
37063,15,null,36.0364 -78.8761
37065,21,null,35.9123 -77.5944
37067,18,null,36.1286 -80.2546
37069,18,null,36.0815 -78.2871
37071,17,null,35.2833 -81.1893
37073,16,null,36.4467 -76.6975
37075,18,null,35.3391 -83.9171
37077,17,null,36.3034 -78.6518
37079,20,null,35.4855 -77.6758
37081,16,null,36.0796 -79.7882
37083,20,null,36.2547 -77.7569
37085,19,null,35.3879 -78.8764
37087,18,null,35.5527 -82.982
37089,14,null,35.3234 -82.5032
37091,19,null,36.3945 -77.0568
37093,20,null,35.0189 -79.2365
37095,17,null,35.3836 -76.1935
37097,15,null,35.8095 -80.8743
37099,18,null,35.2881 -83.1409
37101,18,null,35.5175 -78.3662
37103,19,null,35.0226 -77.3587
37105,17,null,35.4763 -79.1757
37107,19,null,35.2403 -77.6425
37109,16,null,35.4841 -81.2387
37111,19,null,35.6774 -82.0482
37113,16,null,35.1487 -83.417
37115,17,null,35.8701 -82.6876
37117,19,null,35.8651 -77.1963
37119,14,null,35.2447 -80.8318
37121,16,null,36.0106 -82.1582
37123,18,null,35.3316 -79.9042
37125,14,null,35.3089 -79.4848
37127,18,null,35.9657 -77.9842
37129,16,null,34.2576 -77.8707
37131,19,null,36.3573 -77.333
37133,18,null,34.7261 -77.4291
37135,14,null,36.0609 -79.1217
37137,16,null,35.1525 -76.6656
37139,18,null,36.2851 -76.2658
37141,16,null,34.5227 -77.9035
37143,17,null,36.1785 -76.406
37145,18,null,36.3899 -78.9722
37147,17,null,35.5954 -77.3735
37149,14,null,35.2973 -82.164
37151,18,null,35.7102 -79.8057
37153,21,null,35.0042 -79.7449
37155,24,null,34.6424 -79.1025
37157,18,null,36.3959 -79.775
37159,17,null,35.6832 -80.5913
37161,19,null,35.4011 -81.9211
37163,19,null,34.9882 -78.3691
37165,23,null,34.8386 -79.4758
37167,17,null,35.3165 -80.2509
37169,16,null,36.4018 -80.2389
37171,17,null,36.4169 -80.691
37173,22,null,35.4867 -83.4875
37175,16,null,35.2038 -82.7964
37177,21,null,35.8715 -76.1705
37179,15,null,34.9896 -80.5295
37181,20,null,36.3534 -78.3942
37183,12,null,35.7888 -78.6525
37185,19,null,36.3973 -78.1065
37187,19,null,35.8381 -76.573
37189,18,null,36.231 -81.7003
37191,18,null,35.3644 -78.0003
37193,18,null,36.2084 -81.1623
37195,18,null,35.7062 -77.918
37197,18,null,36.1622 -80.6624
37199,17,null,35.9008 -82.3124
38001,15,null,46.1139 -102.8263
38003,16,null,46.9358 -98.0661
38005,30,null,48.1088 -99.5841
38007,15,null,47.0237 -103.3763
38009,16,null,48.7721 -101.2693
38011,14,null,46.1129 -103.2065
38013,16,null,48.7729 -102.4805
38015,16,null,46.9785 -100.4645
38017,16,null,46.9347 -97.235
38019,14,null,48.7718 -98.3138
38021,14,null,46.1102 -98.5049
38023,17,null,48.8166 -103.8656
38025,17,null,47.3542 -102.6161
38027,17,null,47.7173 -98.8987
38029,15,null,46.284 -100.239
38031,16,null,47.4571 -98.8828
38033,17,null,46.9402 -103.8465
38035,16,null,47.9335 -97.3984
38037,15,null,46.3582 -101.639
38039,15,null,47.4565 -98.2307
38041,16,null,46.4183 -102.2897
38043,16,null,46.9651 -99.7798
38045,16,null,46.457 -98.5149
38047,14,null,46.4579 -99.7417
38049,16,null,48.2311 -100.6325
38051,14,null,46.1116 -99.3651
38053,19,null,47.7376 -103.6364
38055,16,null,47.6077 -101.3182
38057,16,null,47.2779 -101.9089
38059,18,null,46.6335 -101.0488
38061,22,null,48.202 -102.3555
38063,15,null,47.9226 -98.1904
38065,14,null,47.1153 -101.3406
38067,16,null,48.7707 -97.5251
38069,17,null,48.2498 -99.9641
38071,17,null,48.2689 -98.7222
38073,15,null,46.4565 -97.8604
38075,16,null,48.7198 -101.6604
38077,16,null,46.2644 -96.9485
38079,38,null,48.7721 -99.838
38081,15,null,46.109 -97.6182
38083,16,null,47.577 -100.3426
38085,39,null,46.1858 -100.7881
38087,15,null,46.4552 -103.485
38089,17,null,46.8201 -102.2803
38091,14,null,47.4561 -97.7273
38093,17,null,46.9787 -98.9601
38095,17,null,48.6857 -99.2457
38097,16,null,47.4551 -97.1551
38099,16,null,48.3687 -97.7934
38101,18,null,48.2239 -101.5437
38103,14,null,47.5872 -99.6675
38105,20,null,48.3452 -103.4794
39001,24,null,38.8454 -83.4719
39003,20,null,40.7818 -83.9815
39005,19,null,40.8477 -82.2728
39007,21,null,41.7086 -80.7483
39009,20,null,39.3343 -82.0428
39011,17,null,40.56 -84.2242
39013,17,null,40.0111 -80.97
39015,21,null,38.9341 -83.8679
39017,18,null,39.4401 -84.5739
39019,18,null,40.579 -81.0918
39021,18,null,40.1419 -83.7653
39023,21,null,39.9045 -83.785
39025,19,null,39.0212 -84.1571
39027,20,null,39.4149 -83.8085
39029,21,null,40.7693 -80.781
39031,22,null,40.3037 -81.9059
39033,20,null,40.8498 -82.9187
39035,20,null,41.4241 -81.6592
39037,18,null,40.1341 -84.6195
39039,18,null,41.324 -84.4907
39041,15,null,40.2794 -83.0046
39043,18,null,41.3679 -82.6291
39045,17,null,39.7511 -82.6309
39047,21,null,39.5602 -83.4562
39049,20,null,39.97 -83.0112
39051,17,null,41.6029 -84.0475
39053,21,null,38.8075 -82.3391
39055,17,null,41.4995 -81.1793
39057,18,null,39.7004 -83.9641
39059,22,null,40.0503 -81.4925
39061,19,null,39.1968 -84.545
39063,18,null,40.993 -83.7063
39065,21,null,40.662 -83.6481
39067,20,null,40.2965 -81.1026
39069,17,null,41.3339 -84.0683
39071,21,null,39.1839 -83.6033
39073,20,null,39.4954 -82.4799
39075,18,null,40.5561 -81.8842
39077,19,null,41.1415 -82.589
39079,23,null,39.0192 -82.6182
39081,21,null,40.3861 -80.7626
39083,17,null,40.3983 -82.4203
39085,17,null,41.7095 -81.2455
39087,21,null,38.6267 -82.5891
39089,19,null,40.0952 -82.6006
39091,19,null,40.39 -83.7678
39093,18,null,41.2955 -82.1508
39095,21,null,41.621 -83.6547
39097,19,null,39.8938 -83.4018
39099,20,null,41.0173 -80.7358
39101,21,null,40.5694 -83.139
39103,16,null,41.1177 -81.8999
39105,22,null,39.0676 -81.909
39107,16,null,40.5404 -84.6291
39109,18,null,40.0543 -84.2287
39111,19,null,39.7298 -81.0847
39113,20,null,39.754 -84.2905
39115,22,null,39.6208 -81.8531
39117,19,null,40.5236 -82.7893
39119,20,null,39.9658 -81.9436
39121,17,null,39.7682 -81.4594
39123,17,null,41.5407 -83.1655
39125,17,null,41.1215 -84.5726
39127,20,null,39.7406 -82.2483
39129,20,null,39.6417 -83.0244
39131,21,null,39.0729 -83.0857
39133,19,null,41.1681 -81.1975
39135,18,null,39.742 -84.6479
39137,16,null,41.021 -84.1336
39139,21,null,40.7728 -82.5321
39141,22,null,39.3371 -83.06
39143,20,null,41.3562 -83.1379
39145,22,null,38.7941 -83.0491
39147,19,null,41.1236 -83.2894
39149,18,null,40.3316 -84.2026
39151,19,null,40.8119 -81.3681
39153,18,null,41.1289 -81.5401
39155,20,null,41.3176 -80.8191
39157,18,null,40.4422 -81.4723
39159,18,null,40.3002 -83.3724
39161,18,null,40.8554 -84.5911
39163,22,null,39.2521 -82.4831
39165,15,null,39.4223 -84.1711
39167,18,null,39.4285 -81.6362
39169,17,null,40.8293 -81.8884
39171,20,null,41.566 -84.5739
39173,17,null,41.3623 -83.6228
39175,19,null,40.8434 -83.3073
40001,28,null,35.8849 -94.6586
40003,17,null,36.7308 -98.3245
40005,21,null,34.3737 -96.038
40007,15,null,36.7506 -100.4784
40009,18,null,35.2695 -99.761
40011,18,null,35.8752 -98.4331
40013,20,null,33.9647 -96.259
40015,20,null,35.1203 -98.3579
40017,15,null,35.5426 -97.9847
40019,20,null,34.251 -97.2855
40021,22,null,35.9069 -94.9998
40023,23,null,34.0281 -95.5477
40025,17,null,36.7482 -102.5174
40027,16,null,35.2041 -97.3252
40029,20,null,34.5884 -96.298
40031,20,null,34.6305 -98.4575
40033,18,null,34.2857 -98.4406
40035,21,null,36.7627 -95.2092
40037,19,null,35.9023 -96.3708
40039,18,null,35.6385 -99.0017
40041,21,null,36.4082 -94.8032
40043,18,null,35.9886 -99.2057
40045,18,null,36.218 -99.7532
40047,17,null,36.3791 -97.7827
40049,20,null,34.7042 -97.3081
40051,19,null,35.0295 -97.882
40053,15,null,36.7962 -97.7871
40055,20,null,34.9354 -99.5606
40057,17,null,34.6739 -99.8334
40059,16,null,36.7972 -99.7988
40061,21,null,35.2226 -95.1151
40063,21,null,35.0491 -96.2492
40065,17,null,34.5878 -99.4114
40067,19,null,34.1113 -97.8318
40069,21,null,34.3144 -96.6601
40071,19,null,36.7963 -97.2598
40073,16,null,35.9453 -97.9419
40075,21,null,34.9167 -98.9772
40077,21,null,34.8696 -95.3256
40079,22,null,34.8985 -94.7039
40081,18,null,35.7027 -96.8812
40083,18,null,35.919 -97.4435
40085,17,null,33.8966 -97.3866
40087,15,null,35.0113 -97.4457
40089,22,null,34.1166 -94.7722
40091,21,null,35.3724 -95.666
40093,15,null,36.3343 -98.7876
40095,19,null,34.0231 -96.7686
40097,21,null,36.3018 -95.2317
40099,18,null,34.4812 -97.0683
40101,21,null,35.6132 -95.3781
40103,17,null,36.3895 -97.2293
40105,20,null,36.7984 -95.619
40107,24,null,35.4645 -96.3031
40109,17,null,35.5514 -97.4072
40111,22,null,35.6466 -95.9644
40113,19,null,36.6289 -96.3964
40115,22,null,36.8337 -94.826
40117,19,null,36.3174 -96.7033
40119,20,null,36.094 -96.9876
40121,20,null,34.9207 -95.7514
40123,19,null,34.7349 -96.6695
40125,21,null,35.2062 -96.9492
40127,21,null,34.4189 -95.3585
40129,18,null,35.6871 -99.6967
40131,18,null,36.37 -95.6041
40133,23,null,35.1648 -96.6169
40135,23,null,35.467 -94.6165
40137,17,null,34.4853 -97.8522
40139,17,null,36.7487 -101.2838
40141,19,null,34.3845 -98.9844
40143,18,null,36.1194 -95.9401
40145,18,null,35.9603 -95.5191
40147,17,null,36.7138 -95.9051
40149,17,null,35.2907 -98.9918
40151,16,null,36.7671 -98.8657
40153,17,null,36.4232 -99.2628
41001,15,null,44.7092 -117.675
41003,13,null,44.4917 -123.4317
41005,13,null,45.1737 -122.2603
41007,15,null,45.9971 -123.6607
41009,15,null,45.9549 -123.0626
41011,17,null,43.1741 -124.0595
41013,17,null,44.1423 -120.3563
41015,15,null,42.4591 -124.1573
41017,14,null,43.9157 -121.2289
41019,15,null,43.2794 -123.1673
41021,14,null,45.3716 -120.2049
41023,15,null,44.4776 -119.1535
41025,16,null,43.0642 -118.9666
41027,15,null,45.5187 -121.6552
41029,18,null,42.432 -122.7289
41031,19,null,44.6101 -121.1875
41033,17,null,42.3666 -123.5562
41035,16,null,42.6876 -121.6496
41037,17,null,42.7925 -120.385
41039,15,null,43.864 -122.8805
41041,16,null,44.6425 -123.8699
41043,17,null,44.4955 -122.527
41045,17,null,43.1937 -117.6227
41047,15,null,44.984 -122.8802
41049,16,null,45.4185 -119.5845
41051,16,null,45.5809 -122.7812
41053,14,null,44.898 -123.3849
41055,14,null,45.415 -120.691
41057,15,null,45.4625 -123.7121
41059,16,null,45.5907 -118.7354
41061,16,null,45.3092 -118.0069
41063,14,null,45.5789 -117.1835
41065,16,null,45.1629 -121.1671
41067,11,null,45.5597 -123.0955
41069,15,null,44.727 -120.0281
41071,15,null,45.2542 -123.2466
42001,16,null,39.8714 -77.2161
42003,17,null,40.4681 -79.9817
42005,19,null,40.8166 -79.4629
42007,19,null,40.6825 -80.3492
42009,17,null,40.0052 -78.49
42011,17,null,40.4157 -75.9246
42013,19,null,40.4796 -78.3492
42015,18,null,41.7887 -76.5157
42017,14,null,40.3278 -75.1028
42019,17,null,40.907 -79.928
42021,18,null,40.4952 -78.7138
42023,18,null,41.4363 -78.2038
42025,18,null,40.9155 -75.7068
42027,17,null,40.9206 -77.822
42029,15,null,39.9819 -75.7484
42031,19,null,41.1927 -79.4242
42033,20,null,40.9891 -78.5417
42035,19,null,41.2326 -77.6379
42037,18,null,41.0482 -76.4056
42039,20,null,41.6653 -80.3346
42041,16,null,40.1363 -77.4225
42043,19,null,40.3628 -76.7781
42045,15,null,39.9168 -75.4024
42047,17,null,41.4282 -78.6453
42049,20,null,41.9925 -80.033
42051,21,null,39.9204 -79.6429
42053,20,null,41.511 -79.2323
42055,18,null,39.9295 -77.7216
42057,18,null,39.9291 -78.1116
42059,19,null,39.8709 -80.2176
42061,19,null,40.3496 -77.9693
42063,19,null,40.6524 -79.0896
42065,19,null,41.1291 -78.9986
42067,18,null,40.4786 -77.5371
42069,20,null,41.4357 -75.6038
42071,15,null,40.039 -76.2477
42073,18,null,40.9897 -80.3815
42075,16,null,40.3759 -76.4987
42077,18,null,40.6155 -75.5944
42079,19,null,41.1646 -75.9599
42081,19,null,41.3431 -77.0663
42083,20,null,41.8094 -78.5648
42085,19,null,41.3025 -80.2582
42087,19,null,40.6111 -77.6107
42089,17,null,41.0593 -75.3403
42091,13,null,40.2105 -75.3666
42093,16,null,41.0302 -76.6635
42095,16,null,40.7518 -75.3047
42097,19,null,40.8478 -76.708
42099,17,null,40.4021 -77.2629
42101,21,null,40.0034 -75.1379
42103,16,null,41.3419 -75.027
42105,19,null,41.7371 -77.9023
42107,19,null,40.705 -76.2151
42109,18,null,40.7633 -76.982
42111,18,null,39.9717 -79.027
42113,17,null,41.4328 -76.5169
42115,18,null,41.8205 -75.8039
42117,18,null,41.7725 -77.2543
42119,17,null,40.9619 -77.06
42121,19,null,41.3983 -79.7734
42123,19,null,41.8113 -79.2644
42125,16,null,40.1921 -80.2458
42127,17,null,41.616 -75.2759
42129,19,null,40.3138 -79.4661
42131,18,null,41.5142 -76.0015
42133,16,null,39.921 -76.7304
44001,12,null,41.7102 -71.2865
44003,14,null,41.6711 -71.5764
44005,13,null,41.5706 -71.2974
44007,14,null,41.872 -71.5583
44009,12,null,41.4801 -71.6216
45001,17,null,34.2233 -82.4617
45003,15,null,33.5373 -81.6766
45005,22,null,32.9884 -81.3532
45007,18,null,34.5183 -82.6396
45009,18,null,33.2193 -81.0566
45011,20,null,33.2668 -81.4358
45013,13,null,32.3923 -80.7262
45015,16,null,33.2022 -79.9466
45017,16,null,33.6731 -80.7774
45019,16,null,32.8249 -79.9651
45021,20,null,35.0512 -81.6183
45023,20,null,34.6823 -81.0648
45025,20,null,34.6414 -80.1564
45027,19,null,33.6661 -80.2165
45029,21,null,32.8758 -80.6764
45031,19,null,34.3336 -79.9603
45033,22,null,34.4258 -79.4385
45035,17,null,33.0794 -80.405
45037,17,null,33.7722 -81.9623
45039,19,null,34.3929 -81.1195
45041,18,null,34.0236 -79.7019
45043,16,null,33.4344 -79.332
45045,15,null,34.895 -82.3729
45047,19,null,34.1527 -82.1272
45049,20,null,32.7869 -81.1733
45051,17,null,33.9213 -78.9956
45053,21,null,32.4317 -81.0249
45055,16,null,34.3399 -80.5876
45057,16,null,34.6827 -80.7051
45059,20,null,34.4824 -82.0049
45061,21,null,34.1639 -80.2569
45063,16,null,33.8967 -81.2715
45065,17,null,33.9016 -82.3079
45067,20,null,34.0786 -79.364
45069,21,null,34.599 -79.6756
45071,18,null,34.2863 -81.5994
45073,17,null,34.7523 -83.0674
45075,17,null,33.4391 -80.7988
45077,17,null,34.8881 -82.7279
45079,16,null,34.0179 -80.9027
45081,19,null,34.008 -81.7271
45083,17,null,34.9296 -81.9922
45085,18,null,33.9183 -80.3794
45087,19,null,34.6884 -81.6173
45089,19,null,33.5951 -79.7093
45091,15,null,34.9728 -81.1809
46003,12,null,43.7176 -98.5605
46005,16,null,44.4146 -98.2786
46007,27,null,43.1939 -101.5228
46009,15,null,42.9665 -97.9503
46011,13,null,44.3697 -96.791
46013,14,null,45.5896 -98.3758
46015,16,null,43.7172 -99.1318
46017,36,null,44.0655 -99.1833
46019,16,null,44.9061 -103.5079
46021,12,null,45.7685 -100.1084
46023,20,null,43.2066 -98.5886
46025,14,null,44.8486 -97.7365
46027,16,null,42.9129 -96.9766
46029,16,null,44.9779 -97.1883
46031,32,null,45.7085 -101.2925
46033,14,null,43.6662 -103.3714
46035,15,null,43.6747 -98.1451
46037,15,null,45.3699 -97.604
46039,13,null,44.7599 -96.6694
46041,31,null,45.1564 -100.8709
46043,13,null,43.3852 -98.3698
46045,13,null,45.4185 -99.2154
46047,16,null,43.2393 -103.5276
46049,13,null,45.0712 -99.3992
46051,13,null,45.1519 -96.7013
46053,16,null,43.249 -99.2837
46055,15,null,44.293 -101.5391
46057,13,null,44.6738 -97.1003
46059,13,null,44.5471 -99.0039
46061,14,null,43.6746 -97.7871
46063,15,null,45.5791 -103.4937
46065,15,null,44.3909 -99.9966
46067,13,null,43.3341 -97.757
46069,14,null,44.5475 -99.4857
46071,28,null,43.6921 -101.6017
46073,12,null,44.0659 -98.7962
46075,14,null,43.9628 -100.694
46077,13,null,44.3697 -97.679
46079,14,null,44.022 -97.1294
46081,15,null,44.3728 -103.8237
46083,13,null,43.2784 -96.7204
46085,21,null,43.8952 -99.852
46087,14,null,43.6743 -97.3686
46089,14,null,45.7663 -99.2212
46091,14,null,45.7587 -97.5986
46093,16,null,44.5668 -102.7163
46095,29,null,43.6152 -101.0022
46097,14,null,44.022 -97.6099
46099,15,null,43.6744 -96.7911
46101,17,null,44.0226 -96.6708
46102,38,null,43.3375 -102.5555
46103,16,null,44.0026 -102.8241
46105,14,null,45.4917 -102.4786
46107,12,null,45.0721 -99.9887
46109,21,null,45.6297 -96.9467
46111,14,null,44.0233 -98.0907
46115,14,null,44.9377 -98.3478
46117,13,null,44.4759 -100.859
46119,13,null,44.7226 -100.1953
46121,41,null,43.194 -100.6388
46123,17,null,43.3446 -99.8855
46125,14,null,43.3109 -97.1486
46127,13,null,42.8311 -96.6558
46129,15,null,45.4204 -100.0971
46135,15,null,43.0093 -97.3947
46137,32,null,44.9788 -101.6654
47001,21,null,36.106 -84.1957
47003,23,null,35.5082 -86.4748
47005,24,null,36.0879 -88.0682
47007,25,null,35.5614 -85.229
47009,21,null,35.6894 -83.9285
47011,22,null,35.1574 -84.8572
47013,24,null,36.4036 -84.1511
47015,22,null,35.8099 -86.0574
47017,23,null,35.9737 -88.4519
47019,25,null,36.2897 -82.1259
47021,20,null,36.2484 -87.0964
47023,22,null,35.4178 -88.6713
47025,23,null,36.4664 -83.5844
47027,25,null,36.5515 -85.5393
47029,24,null,35.9279 -83.1183
47031,22,null,35.4965 -86.0748
47033,23,null,35.8354 -89.1916
47035,20,null,35.9662 -84.975
47037,18,null,36.1869 -86.7848
47039,23,null,35.5179 -88.1089
47041,23,null,35.9762 -85.8369
47043,21,null,36.1467 -87.3589
47045,23,null,36.0593 -89.4154
47047,20,null,35.1984 -89.4141
47049,25,null,36.3813 -84.9287
47051,22,null,35.1748 -86.091
47053,22,null,35.9944 -88.9336
47055,22,null,35.2022 -87.0399
47057,23,null,36.2747 -83.5126
47059,22,null,36.1747 -82.8469
47061,25,null,35.3735 -85.7554
47063,22,null,36.2152 -83.2747
47065,19,null,35.1767 -85.1665
47067,25,null,36.5269 -83.2237
47069,26,null,35.2028 -88.99
47071,23,null,35.195 -88.181
47073,23,null,36.4436 -82.9489
47075,24,null,35.5833 -89.2854
47077,24,null,35.6558 -88.386
47079,23,null,36.3316 -88.3012
47081,23,null,35.8061 -87.4764
47083,22,null,36.2887 -87.7187
47085,21,null,36.0396 -87.7799
47087,24,null,36.3638 -85.6724
47089,20,null,36.0482 -83.4515
47091,23,null,36.4552 -81.8489
47093,20,null,35.9951 -83.9464
47095,28,null,36.3418 -89.4892
47097,25,null,35.7589 -89.6302
47099,23,null,35.2167 -87.3979
47101,23,null,35.5288 -87.4935
47103,22,null,35.1374 -86.5891
47105,19,null,35.7394 -84.3115
47107,24,null,35.4281 -84.6152
47109,25,null,35.1747 -88.5648
47111,24,null,36.5316 -86.0078
47113,22,null,35.6126 -88.8412
47115,21,null,35.13 -85.6227
47117,22,null,35.4335 -86.7802
47119,21,null,35.6187 -87.0746
47121,22,null,35.5156 -84.8148
47123,23,null,35.4455 -84.249
47125,22,null,36.4783 -87.378
47127,19,null,35.2772 -86.3623
47129,25,null,36.1397 -84.6766
47131,24,null,36.3536 -89.1497
47133,23,null,36.3412 -85.2899
47135,24,null,35.6371 -87.8614
47137,21,null,36.5167 -85.1754
47139,22,null,35.1367 -84.5312
47141,24,null,36.1407 -85.6476
47143,23,null,35.6172 -84.9348
47145,20,null,35.8467 -84.5226
47147,20,null,36.501 -86.8562
47149,19,null,35.8459 -86.4107
47151,26,null,36.4233 -84.5036
47153,21,null,35.3379 -85.4166
47155,21,null,35.7808 -83.5225
47157,20,null,35.1865 -89.8969
47159,22,null,36.2561 -85.9667
47161,21,null,36.5034 -87.8958
47163,22,null,36.5064 -82.2645
47165,18,null,36.4682 -86.4592
47167,21,null,35.5141 -89.631
47169,23,null,36.3903 -86.1609
47171,22,null,36.1034 -82.4614
47173,25,null,36.2859 -83.8365
47175,22,null,35.6986 -85.4522
47177,24,null,35.6755 -85.7774
47179,20,null,36.2947 -82.4946
47181,25,null,35.2387 -87.7864
47183,22,null,36.2824 -88.7381
47185,23,null,35.9371 -85.4476
47187,15,null,35.891 -86.8928
47189,18,null,36.155 -86.2977
48001,17,null,31.8154 -95.6535
48003,13,null,32.3045 -102.6378
48005,16,null,31.2546 -94.609
48007,14,null,28.0717 -97.0256
48009,14,null,33.6161 -98.6873
48011,12,null,34.965 -101.3575
48013,14,null,28.8933 -98.5273
48015,14,null,29.8855 -96.2774
48017,16,null,34.0685 -102.8299
48019,14,null,29.7462 -99.246
48021,16,null,30.1037 -97.3121
48023,14,null,33.6164 -99.2135
48025,16,null,28.4247 -97.7949
48027,15,null,31.0374 -97.4785
48029,15,null,29.4493 -98.5202
48031,13,null,30.2664 -98.4
48033,11,null,32.7436 -101.4317
48035,14,null,31.8957 -97.6414
48037,17,null,33.481 -94.507
48039,13,null,29.1876 -95.4456
48041,14,null,30.6636 -96.3021
48043,14,null,29.8101 -103.252
48045,14,null,34.5303 -101.2085
48047,18,null,27.031 -98.2181
48049,15,null,31.7743 -98.9991
48051,14,null,30.4927 -96.6216
48053,13,null,30.788 -98.1819
48055,15,null,29.8367 -97.6182
48057,14,null,28.4705 -96.6163
48059,15,null,32.2976 -99.3733
48061,13,null,26.1258 -97.5039
48063,16,null,32.9719 -94.9779
48065,13,null,35.4037 -101.3543
48067,15,null,33.0882 -94.4453
48069,14,null,34.5301 -102.2617
48071,15,null,29.7097 -94.6715
48073,16,null,31.8373 -95.1656
48075,16,null,34.5219 -100.2077
48077,15,null,33.7869 -98.2077
48079,18,null,33.6068 -102.8256
48081,14,null,31.8898 -100.6286
48083,16,null,31.746 -99.4588
48085,12,null,33.1937 -96.5697
48087,15,null,34.9649 -100.27
48089,13,null,29.6221 -96.5274
48091,13,null,29.8081 -98.2765
48093,15,null,31.9485 -98.5588
48095,13,null,31.3338 -99.8687
48097,15,null,33.6398 -97.2124
48099,16,null,31.3908 -97.7993
48101,16,null,34.0749 -100.2795
48103,13,null,31.4305 -102.5143
48105,13,null,30.7237 -101.4134
48107,16,null,33.6142 -101.3012
48109,19,null,31.4451 -104.5186
48111,16,null,36.2778 -102.6022
48113,15,null,32.7667 -96.778
48115,16,null,32.7425 -101.9477
48117,15,null,34.9651 -102.6052
48119,16,null,33.3857 -95.6692
48121,13,null,33.2052 -97.1169
48123,15,null,29.081 -97.3568
48125,15,null,33.6162 -100.7789
48127,17,null,28.423 -99.8891
48129,14,null,34.9654 -100.8149
48131,16,null,27.6603 -98.5179
48133,15,null,32.2966 -98.9001
48135,14,null,31.869 -102.5429
48137,13,null,29.957 -100.3667
48139,13,null,32.349 -96.7937
48141,14,null,31.7698 -106.2363
48143,16,null,32.236 -98.2177
48145,18,null,31.2543 -96.9375
48147,16,null,33.5956 -96.1075
48149,13,null,29.8779 -96.9207
48151,13,null,32.7432 -100.4024
48153,15,null,34.0723 -101.3032
48155,13,null,33.9731 -99.7768
48157,12,null,29.5271 -95.7722
48159,14,null,33.237 -95.2173
48161,16,null,31.713 -96.1972
48163,16,null,28.8675 -99.108
48165,15,null,32.7407 -102.8464
48167,19,null,29.3241 -94.9846
48169,14,null,33.1791 -101.3393
48171,12,null,30.3171 -99.1212
48173,15,null,31.8692 -101.5201
48175,14,null,28.657 -97.4276
48177,16,null,29.4563 -97.4942
48179,16,null,35.4007 -100.8677
48181,15,null,33.6274 -96.6775
48183,16,null,32.4794 -94.8159
48185,17,null,30.5458 -95.989
48187,13,null,29.5817 -97.9479
48189,16,null,34.0705 -101.8268
48191,19,null,34.5308 -100.6814
48193,14,null,31.7047 -98.1108
48195,16,null,36.2774 -101.3545
48197,15,null,34.2894 -99.7463
48199,14,null,30.3196 -94.4022
48201,14,null,29.8344 -95.4347
48203,16,null,32.5494 -94.3694
48205,13,null,35.8389 -102.8253
48207,16,null,33.178 -99.7311
48209,14,null,30.0567 -98.0294
48211,14,null,35.8377 -100.2704
48213,16,null,32.1822 -95.9403
48215,15,null,26.407 -98.2276
48217,15,null,31.9872 -97.2077
48219,15,null,33.6068 -102.3457
48221,13,null,32.4299 -97.8324
48223,17,null,33.1488 -95.5635
48225,18,null,31.3193 -95.4223
48227,16,null,32.3062 -101.4348
48229,19,null,31.4563 -105.3882
48231,16,null,33.1235 -96.0855
48233,15,null,35.8401 -101.3547
48235,13,null,31.3041 -100.9818
48237,15,null,33.2342 -98.1724
48239,14,null,28.9547 -96.5775
48241,16,null,30.7469 -94.0267
48243,14,null,30.7587 -104.2104
48245,17,null,29.8656 -94.1414
48247,15,null,27.0445 -98.6968
48249,15,null,27.7311 -98.0905
48251,15,null,32.3788 -97.3662
48253,16,null,32.74 -99.8786
48255,16,null,28.907 -97.8596
48257,15,null,32.5983 -96.303
48259,12,null,29.9442 -98.7113
48261,16,null,26.926 -97.6641
48263,13,null,33.181 -100.7781
48265,13,null,30.0361 -99.5029
48267,14,null,30.4988 -99.7091
48269,14,null,33.6167 -100.2548
48271,14,null,29.3497 -100.4186
48273,15,null,27.4226 -97.6412
48275,15,null,33.6052 -99.7423
48277,18,null,33.6698 -95.574
48279,16,null,34.0689 -102.3505
48281,14,null,31.1953 -98.2421
48283,14,null,28.3445 -99.0991
48285,13,null,29.3851 -96.9319
48287,15,null,30.3112 -96.9705
48289,16,null,31.2987 -95.9936
48291,17,null,30.189 -94.8612
48293,17,null,31.5455 -96.5809
48295,14,null,36.2778 -100.2733
48297,15,null,28.351 -98.1247
48299,13,null,30.7065 -98.6847
48301,14,null,31.8495 -103.5818
48303,15,null,33.6101 -101.8213
48305,16,null,33.1766 -101.8163
48307,14,null,31.1925 -99.3468
48309,16,null,31.5526 -97.2022
48311,12,null,28.3525 -98.5677
48313,16,null,30.9669 -95.93
48315,17,null,32.7871 -94.4237
48317,14,null,32.306 -101.9499
48319,12,null,30.7198 -99.2245
48321,16,null,28.8196 -96.0123
48323,17,null,28.7429 -100.3157
48325,13,null,29.3557 -99.1103
48327,12,null,30.8992 -99.8
48329,13,null,31.869 -102.0315
48331,15,null,30.7816 -96.9912
48333,14,null,31.4956 -98.5927
48335,14,null,32.3066 -100.9223
48337,15,null,33.6752 -97.725
48339,15,null,30.3291 -95.4634
48341,15,null,35.8377 -101.8929
48343,15,null,33.1214 -94.7361
48345,14,null,34.0739 -100.8012
48347,17,null,31.6202 -94.618
48349,16,null,32.0462 -96.4743
48351,15,null,30.7855 -93.7441
48353,15,null,32.3034 -100.4059
48355,14,null,27.7363 -97.5433
48357,15,null,36.2783 -100.8158
48359,15,null,35.4043 -102.6028
48361,16,null,30.1188 -93.8941
48363,16,null,32.7531 -98.3132
48365,16,null,32.164 -94.3055
48367,14,null,32.7776 -97.805
48369,15,null,34.5299 -102.7845
48371,14,null,30.781 -102.7241
48373,16,null,30.8178 -94.869
48375,18,null,35.4017 -101.8951
48377,16,null,29.9995 -104.2408
48379,14,null,32.8711 -95.7923
48381,13,null,34.9659 -101.8971
48383,15,null,31.3661 -101.5233
48385,15,null,29.8332 -99.8202
48387,17,null,33.6189 -95.0484
48389,15,null,31.3232 -103.6904
48391,14,null,28.3147 -97.3022
48393,13,null,35.8381 -100.8132
48395,15,null,31.0254 -96.5127
48397,13,null,32.898 -96.4081
48399,15,null,31.8314 -99.9762
48401,17,null,32.1077 -94.7618
48403,16,null,31.3432 -93.8544
48405,17,null,31.3765 -94.1911
48407,17,null,30.5793 -95.1626
48409,15,null,28.0004 -97.5202
48411,16,null,31.1578 -98.8176
48413,12,null,30.8974 -100.5385
48415,15,null,32.7461 -100.9163
48417,14,null,32.7359 -99.354
48419,17,null,31.7921 -94.1455
48421,13,null,36.2775 -101.8933
48423,16,null,32.3748 -95.2717
48425,15,null,32.203 -97.8299
48427,19,null,26.5615 -98.7389
48429,16,null,32.7355 -98.8363
48431,15,null,31.8219 -101.0446
48433,13,null,33.1791 -100.2538
48435,12,null,30.4986 -100.5382
48437,17,null,34.5302 -101.735
48439,14,null,32.7715 -97.3278
48441,15,null,32.302 -99.8907
48443,15,null,30.2243 -102.0767
48445,16,null,33.174 -102.3354
48447,14,null,33.1775 -99.2123
48449,16,null,33.2134 -94.968
48451,14,null,31.4047 -100.4624
48453,12,null,30.3264 -97.8711
48455,17,null,31.0879 -95.1367
48457,15,null,30.7925 -94.3915
48459,15,null,32.737 -94.94
48461,14,null,31.3687 -102.0423
48463,15,null,29.3574 -99.7623
48465,16,null,29.8915 -101.1525
48467,14,null,32.5648 -95.8377
48469,15,null,28.7978 -96.9681
48471,17,null,30.7387 -95.5744
48473,16,null,29.9222 -95.9975
48475,14,null,31.51 -103.0928
48477,15,null,30.215 -96.4095
48479,18,null,27.761 -99.3324
48481,15,null,29.2777 -96.2232
48483,15,null,35.401 -100.2703
48485,18,null,33.9884 -98.7041
48487,16,null,34.0795 -99.2418
48489,19,null,26.4556 -97.5354
48491,13,null,30.6545 -97.6025
48493,13,null,29.1621 -98.1276
48495,15,null,31.8501 -103.0485
48497,15,null,33.2157 -97.6546
48499,14,null,32.7872 -95.3824
48501,14,null,33.1736 -102.8291
48503,16,null,33.1766 -98.6879
48505,17,null,27.0016 -99.1699
48507,20,null,28.8662 -99.7605
49001,11,null,38.3602 -112.9862
49003,10,null,41.5005 -112.9577
49005,9,null,41.7233 -111.7444
49007,12,null,39.6404 -110.7288
49009,7,null,40.888 -109.5121
49011,9,null,40.99 -112.114
49013,11,null,40.269 -110.4392
49015,12,null,38.9962 -110.7014
49017,10,null,37.8438 -111.7649
49019,11,null,38.9811 -109.5705
49021,11,null,37.8117 -113.041
49023,10,null,39.7021 -112.7809
49025,9,null,37.272 -112.6295
49027,9,null,39.0632 -113.5594
49029,8,null,41.0883 -111.5727
49031,9,null,38.329 -112.1429
49033,10,null,41.8404 -111.2783
49035,10,null,40.668 -112.0064
49037,16,null,37.6276 -109.8034
49039,11,null,39.3723 -111.5759
49041,10,null,38.7738 -111.7035
49043,9,null,40.9001 -111.2975
49045,10,null,40.4486 -113.1296
49047,13,null,40.1249 -109.5174
49049,6,null,40.1795 -111.8147
49051,8,null,40.3311 -111.1691
49053,9,null,37.3092 -113.7435
49055,9,null,38.3302 -111.6687
49057,11,null,41.2554 -111.9571
50001,13,null,44.0322 -73.1413
50003,15,null,43.0352 -73.0905
50005,15,null,44.4655 -72.1031
50007,11,null,44.4633 -73.0836
50009,16,null,44.5878 -71.7344
50011,17,null,44.8563 -72.9125
50013,13,null,44.859 -73.2911
50015,15,null,44.6035 -72.6436
50017,14,null,44.0047 -72.3764
50019,17,null,44.8296 -72.2456
50021,15,null,43.5772 -73.0374
50023,15,null,44.2595 -72.7056
50025,15,null,42.9912 -72.7208
50027,13,null,43.5801 -72.586
51001,18,null,37.7386 -75.6569
51003,14,null,38.0014 -78.5623
51005,17,null,37.7754 -80.1133
51007,17,null,37.3408 -77.9858
51009,17,null,37.6031 -79.1455
51011,17,null,37.3757 -78.8134
51013,12,null,38.8768 -77.1014
51015,16,null,38.1807 -79.2132
51017,17,null,38.0559 -79.7462
51019,15,null,37.308 -79.5282
51021,15,null,37.1313 -81.136
51023,14,null,37.5552 -79.8283
51025,20,null,36.7394 -77.851
51027,20,null,37.2682 -82.0375
51029,19,null,37.5634 -78.5324
51031,19,null,37.2055 -79.0968
51033,17,null,38.0268 -77.349
51035,18,null,36.7306 -80.7346
51036,17,null,37.3569 -77.0726
51037,19,null,37.0191 -78.6631
51041,15,null,37.3737 -77.5868
51043,15,null,39.1127 -77.992
51045,15,null,37.4813 -80.2107
51047,16,null,38.482 -77.9563
51049,19,null,37.5133 -78.244
51051,21,null,37.1256 -82.3512
51053,18,null,37.0754 -77.6345
51057,17,null,37.9336 -76.9423
51059,9,null,38.837 -77.276
51061,14,null,38.7356 -77.8065
51063,17,null,36.9158 -80.3813
51065,14,null,37.8416 -78.2772
51067,16,null,36.9953 -79.8803
51069,14,null,39.237 -78.3033
51071,16,null,37.3124 -80.7064
51073,16,null,37.4168 -76.5373
51075,13,null,37.7344 -77.9889
51077,19,null,36.6841 -81.066
51079,17,null,38.2955 -78.4652
51081,22,null,36.72 -77.5925
51083,19,null,36.7666 -78.9351
51085,13,null,37.773 -77.5625
51087,15,null,37.5346 -77.3933
51089,19,null,36.6988 -79.937
51091,15,null,38.358 -79.5612
51093,15,null,36.9058 -76.7084
51095,12,null,37.3116 -76.7695
51097,18,null,37.7105 -76.8869
51099,16,null,38.2682 -77.1585
51101,17,null,37.7138 -77.149
51103,14,null,37.7189 -76.464
51105,22,null,36.7462 -82.9209
51107,11,null,39.084 -77.6461
51109,16,null,37.9785 -77.9628
51111,20,null,36.949 -78.2483
51113,16,null,38.4153 -78.2822
51115,14,null,37.4416 -76.341
51117,18,null,36.6788 -78.3613
51119,15,null,37.6464 -76.6191
51121,17,null,37.1775 -80.3787
51125,16,null,37.7879 -78.885
51127,14,null,37.5023 -76.9915
51131,18,null,37.3406 -75.8775
51133,15,null,37.892 -76.4195
51135,20,null,37.1436 -78.0507
51137,16,null,38.2558 -77.957
51139,18,null,38.6222 -78.4907
51141,18,null,36.6802 -80.2866
51143,18,null,36.8389 -79.4036
51145,14,null,37.555 -77.8937
51147,18,null,37.2256 -78.436
51149,18,null,37.185 -77.2292
51153,13,null,38.7103 -77.4868
51155,16,null,37.0619 -80.7232
51157,13,null,38.6929 -78.1368
51159,19,null,37.9376 -76.7292
51161,15,null,37.268 -80.1077
51163,16,null,37.8095 -79.414
51165,15,null,38.5234 -78.9116
51167,19,null,36.9258 -82.1898
51169,19,null,36.7394 -82.5477
51171,16,null,38.859 -78.5681
51173,19,null,36.8445 -81.5335
51175,17,null,36.7223 -77.1064
51177,16,null,38.1857 -77.6554
51179,15,null,38.4187 -77.4596
51181,17,null,37.1178 -76.8845
51183,19,null,36.9243 -77.2579
51185,19,null,37.1219 -81.5669
51187,16,null,38.9085 -78.2028
51191,18,null,36.7234 -81.9567
51193,17,null,38.1102 -76.8021
51195,19,null,37.0007 -82.683
51197,17,null,36.9182 -81.0599
51199,14,null,37.2438 -76.5441
51510,15,null,38.8144 -77.056
51520,19,null,36.6163 -82.1636
51530,21,null,37.7348 -79.353
51540,19,null,38.0353 -78.4857
51550,14,null,36.6767 -76.3055
51570,17,null,37.2642 -77.3961
51580,18,null,37.7825 -79.9863
51590,21,null,36.5802 -79.404
51595,24,null,36.6946 -77.534
51600,13,null,38.8492 -77.2995
51610,13,null,38.8861 -77.182
51620,20,null,36.6831 -76.9386
51630,18,null,38.2978 -77.4922
51640,19,null,36.666 -80.917
51650,20,null,37.0352 -76.3588
51660,20,null,38.4398 -78.8704
51670,20,null,37.2892 -77.3068
51678,17,null,37.7826 -79.4427
51680,17,null,37.4002 -79.1989
51683,15,null,38.7464 -77.4851
51685,16,null,38.771 -77.4482
51690,20,null,36.6821 -79.8635
51700,18,null,37.0817 -76.5175
51710,19,null,36.8993 -76.2642
51720,20,null,36.9291 -82.6368
51730,24,null,37.2053 -77.3937
51735,14,null,37.1426 -76.358
51740,19,null,36.853 -76.3552
51750,22,null,37.1188 -80.5673
51760,20,null,37.5326 -77.4796
51770,20,null,37.2779 -79.9619
51775,15,null,37.2856 -80.0524
51790,17,null,38.1584 -79.063
51800,16,null,36.7016 -76.636
51810,15,null,36.7396 -76.0465
51820,18,null,38.0636 -78.9056
51830,16,null,37.2813 -76.7091
51840,17,null,39.1706 -78.1732
53001,14,null,46.9985 -118.6643
53003,14,null,46.1889 -117.2023
53005,13,null,46.2395 -119.5121
53007,13,null,47.8705 -120.6174
53009,14,null,48.1287 -124.4638
53011,14,null,45.7757 -122.4829
53013,14,null,46.3118 -117.9226
53015,18,null,46.1908 -122.6782
53017,14,null,47.7361 -119.6929
53019,17,null,48.4711 -118.5154
53021,14,null,46.5335 -118.9018
53023,13,null,46.432 -117.5454
53025,16,null,47.163 -119.5082
53027,15,null,47.14 -123.782
53029,12,null,48.1471 -122.5216
53031,12,null,47.75 -123.561
53033,9,null,47.4914 -121.8346
53035,12,null,47.6348 -122.6436
53037,14,null,47.1252 -120.6794
53039,14,null,45.8252 -120.9556
53041,16,null,46.5776 -122.3925
53043,13,null,47.609 -118.6309
53045,16,null,47.3444 -123.244
53047,17,null,48.5486 -119.7387
53049,15,null,46.5542 -123.7286
53051,15,null,48.5323 -117.2742
53053,15,null,47.0389 -122.1406
53055,12,null,48.6018 -122.9674
53057,13,null,48.4765 -122.1476
53059,15,null,46.0241 -121.9164
53061,13,null,48.0371 -121.683
53063,14,null,47.6212 -117.4046
53065,15,null,48.4004 -117.8543
53067,13,null,46.9292 -122.8291
53069,13,null,46.2652 -123.3667
53071,13,null,46.2304 -118.4776
53073,14,null,48.8223 -121.749
53075,15,null,46.9002 -117.5242
53077,14,null,46.4574 -120.738
54001,23,null,39.1307 -80.0035
54003,22,null,39.467 -78.0242
54005,25,null,38.0198 -81.6989
54007,23,null,38.7004 -80.7201
54009,20,null,40.2423 -80.6016
54011,24,null,38.4242 -82.2386
54013,24,null,38.8431 -81.1193
54015,24,null,38.4623 -81.0765
54017,21,null,39.271 -80.7213
54019,25,null,38.0413 -81.0648
54021,26,null,38.9251 -80.8595
54023,22,null,39.1031 -79.1944
54025,23,null,37.9464 -80.4533
54027,22,null,39.321 -78.6083
54029,22,null,40.5194 -80.5746
54031,22,null,38.9995 -78.8962
54033,23,null,39.2868 -80.3851
54035,21,null,38.8426 -81.6815
54037,20,null,39.2903 -77.8775
54039,21,null,38.3386 -81.5286
54041,23,null,38.9947 -80.4999
54043,24,null,38.159 -82.091
54045,25,null,37.83 -81.9353
54047,30,null,37.3757 -81.648
54049,23,null,39.5127 -80.2185
54051,22,null,39.8606 -80.6659
54053,24,null,38.7707 -82.0253
54055,25,null,37.4118 -81.0988
54057,21,null,39.438 -79.062
54059,30,null,37.7434 -82.1723
54061,20,null,39.6322 -80.0477
54063,23,null,37.5628 -80.5458
54065,21,null,39.5544 -78.2631
54067,21,null,38.2962 -80.7976
54069,22,null,40.1017 -80.6286
54071,22,null,38.6831 -79.3509
54073,22,null,39.3709 -81.1677
54075,23,null,38.3276 -80.01
54077,21,null,39.4677 -79.6671
54079,20,null,38.5078 -81.9082
54081,25,null,37.7489 -81.2246
54083,22,null,38.7522 -79.9164
54085,22,null,39.1809 -81.0636
54087,23,null,38.7162 -81.3524
54089,24,null,37.6366 -80.8789
54091,21,null,39.336 -80.0421
54093,21,null,39.1124 -79.5706
54095,21,null,39.4681 -80.8877
54097,24,null,38.8618 -80.232
54099,23,null,38.149 -82.4229
54101,23,null,38.4937 -80.4202
54103,24,null,39.6066 -80.6402
54105,23,null,39.0277 -81.3747
54107,24,null,39.2178 -81.4961
54109,24,null,37.6123 -81.5451
55001,16,null,43.9697 -89.7678
55003,19,null,46.2658 -90.6825
55005,17,null,45.4237 -91.8483
55007,16,null,46.5287 -91.1972
55009,15,null,44.4527 -88.0041
55011,16,null,44.3783 -91.7533
55013,16,null,45.863 -92.3671
55015,14,null,44.0816 -88.2178
55017,15,null,45.0741 -91.2943
55019,18,null,44.7348 -90.6121
55021,15,null,43.4622 -89.3959
55023,16,null,43.2053 -90.9387
55025,12,null,43.0691 -89.4235
55027,15,null,43.4141 -88.7047
55029,13,null,44.9233 -87.3342
55031,18,null,46.4322 -91.9159
55033,16,null,44.9457 -91.8962
55035,16,null,44.7268 -91.2588
55037,16,null,45.867 -88.5293
55039,16,null,43.7406 -88.2932
55041,19,null,45.6668 -88.7709
55043,16,null,42.8672 -90.7063
55045,15,null,42.6795 -89.6024
55047,16,null,43.8002 -89.0468
55049,15,null,43.0114 -90.2313
55051,16,null,46.2855 -90.2481
55053,18,null,44.334 -90.9025
55055,15,null,43.0202 -88.7747
55057,17,null,43.9246 -90.1112
55059,17,null,42.5808 -88.0392
55061,14,null,44.5173 -87.6147
55063,15,null,43.9063 -91.1145
55065,16,null,42.6601 -90.1318
55067,16,null,45.2627 -89.0748
55069,16,null,45.3374 -89.7341
55071,15,null,44.1097 -87.8252
55073,15,null,44.901 -89.6575
55075,16,null,45.3855 -88.0332
55077,15,null,43.8127 -89.4294
55078,34,null,44.9866 -88.5887
55079,18,null,43.0049 -87.9673
55081,16,null,43.9428 -90.6447
55083,16,null,45.0256 -88.3269
55085,15,null,45.7068 -89.5194
55087,15,null,44.4163 -88.5654
55089,13,null,43.3835 -87.9463
55091,16,null,44.5445 -92.177
55093,15,null,44.7006 -92.3212
55095,16,null,45.4613 -92.4418
55097,16,null,44.4756 -89.5015
55099,15,null,45.6805 -90.361
55101,15,null,42.7475 -88.0594
55103,16,null,43.3763 -90.4301
55105,17,null,42.6715 -89.0715
55107,17,null,45.4652 -91.11
55109,14,null,45.0344 -92.45
55111,18,null,43.4257 -89.9497
55113,20,null,45.8973 -91.2916
55115,17,null,44.807 -89.0015
55117,15,null,43.7173 -87.9313
55119,17,null,45.2065 -90.3989
55121,15,null,44.3036 -91.3589
55123,17,null,43.5755 -90.8052
55125,17,null,46.0547 -89.5172
55127,15,null,42.6683 -88.6024
55129,16,null,45.8984 -91.7905
55131,14,null,43.3678 -88.2292
55133,12,null,43.0183 -88.3043
55135,15,null,44.462 -89.0054
55137,16,null,44.1139 -89.4662
55139,15,null,44.0689 -88.6448
55141,16,null,44.4665 -90.099
56001,16,null,41.655 -105.7235
56003,16,null,44.5837 -108.2035
56005,18,null,44.2489 -105.5475
56007,17,null,41.6936 -106.9326
56009,15,null,42.9727 -105.5082
56011,14,null,44.5886 -104.5698
56013,19,null,43.0419 -108.6297
56015,16,null,42.088 -104.3535
56017,15,null,43.7193 -108.4423
56019,15,null,44.0406 -106.5845
56021,17,null,41.3273 -104.9488
56023,15,null,42.0771 -110.5475
56025,18,null,42.9618 -106.7979
56027,18,null,43.0561 -104.4762
56029,13,null,44.4046 -109.253
56031,14,null,42.133 -104.9663
56033,15,null,44.7792 -107.2444
56035,14,null,42.8641 -110.0227
56037,18,null,41.634 -109.417
56039,15,null,43.9508 -110.5534
56041,17,null,41.2881 -110.7549
56043,17,null,43.8344 -107.5485
56045,17,null,43.8396 -104.5675
