FIPS,value
02020,0.37035388381927
02090,0.50216718266254
02170,0.3157196969697
01001,0.37708649468892
01003,0.19030666734476
01007,0.17096999302163002
01009,0.19256657887035
01015,0.18962840285684998
01021,0.1431380259536
01033,0.17226125422847
01051,0.30512587200485
01055,0.20538472855672002
01061,0.21956339210747
01063,0.30415754923414
01065,0.32632880098888
01067,0.20609462710504997
01069,0.20940550133097
01073,0.16029247873006
01077,0.1896034655115
01079,0.15394651011089
01081,0.25376884422110996
01083,0.22614397321429
01085,0.13
01089,0.2923231645994
01097,0.19310883219189998
01101,0.26613870890329
01103,0.21446751507033
01107,0.17221297836938002
01113,0.44593433041085995
01117,0.21481657179000999
01115,0.16439008894535997
01125,0.19962222884979003
01129,0.16233090530697
05007,0.21043716203010002
05025,0.07361963190184
05031,0.20645161290323
05033,0.14657980456026
05035,0.15099223468507
05045,0.21026392961877
05047,0.21924746743848997
05051,0.11878184906576
05053,0.21945866861740998
05069,0.14173602853745998
05079,0.18494055482166
05081,0.08872901678657001
05085,0.39979060723901005
05087,0.07934655775963001
05091,0.26312154696133
05105,0.15778019586507
05111,0.25024342745862
05119,0.24101961360464003
05125,0.17923898531375
05131,0.21166003277921
05143,0.23202341137124
04003,0.25767140582972003
04005,0.20321438300191
04013,0.18349859947288
04015,0.08892706671575
04019,0.21746302951747
04021,0.18119945324069
04025,0.11247568557153
04027,0.28949421401638004
06001,0.15847084482120002
06007,0.12534309240622002
06013,0.1217424629535
06017,0.08695971773008
06019,0.20871972318339002
06025,0.21599131693198004
06029,0.22132943754565002
06031,0.40861214374226
06037,0.18262258254310998
06039,0.13424093715371002
06041,0.10802586534804
06047,0.14677506775068
06053,0.18537394808580998
06055,0.10457693874778999
06059,0.16477910417304
06061,0.14520241038319
06065,0.23016482977400998
06067,0.18799943198688002
06069,0.22642229858725
06071,0.20536797300576
06073,0.3125955393484
06075,0.15834709344172002
06077,0.16237548685071998
06079,0.12160792031968
06081,0.14887921045271
06083,0.20573548295049002
06085,0.13846363071184
06087,0.10824843260188
06089,0.1558516801854
06095,0.2203557608663
06097,0.14016319837582
06099,0.17106075720868
06101,0.25141997995322
06107,0.20303423768195
06111,0.18624468967598
06113,0.20083355040375
06115,0.32046922815369
08001,0.22969846245708
08005,0.25134741628139
08013,0.16488859859206
08014,0.25959692898273
08019,0.16561514195583998
08031,0.22996017563565999
08035,0.2576839183026
08041,0.41166427563639
08039,0.13380575239683
08047,0.15573770491803
08059,0.19522805519229003
08069,0.20866882021118
08077,0.15646200085873999
08093,0.10064516129032001
08101,0.18115681048765
08119,0.18753817959681998
08123,0.20864965774736
09001,0.10685952782999002
09003,0.13922502407162
09007,0.14397089397089
09009,0.14280135381411
09011,0.21246679490703002
09013,0.18045200372787
09015,0.152
11001,0.27691543049396
10001,0.27188913030712003
10003,0.16003727989881
10005,0.08412283567461999
12001,0.22167260255902999
12003,0.28550654386815005
12005,0.28275372604684
12009,0.17556085335289
12011,0.16353345732368
12015,0.06892456564768
12017,0.08033616954638001
12019,0.34898160066630995
12021,0.07006857309600001
12031,0.30576182200455
12033,0.26142449125312
12035,0.12972873223842002
12039,0.13168971737823001
12041,0.13180901143241
12053,0.12794488851493
12055,0.07217177449868
12057,0.26190476190476003
12061,0.06481602723582999
12065,0.15684647302905
12069,0.12359926918392
12071,0.08614558638961999
12073,0.18543845534995998
12075,0.13780540077154002
12081,0.10354105458482
12083,0.09746755215079
12085,0.10547681299022998
12086,0.24116497588558
12089,0.2206943966999
12091,0.41504408523145
12095,0.23904414099714
12097,0.26220688848605
12099,0.1029768385628
12101,0.14314946044328
12103,0.12673135146733
12105,0.13170651548763002
12113,0.37055879215558
12115,0.08519245499808999
12117,0.18245155671674
12109,0.17788297301254
12111,0.14284547866912
12119,0.05249343832021
12127,0.11895962486091001
12129,0.19416785206259002
12131,0.1760627072656
13013,0.2309540975727
13015,0.17186484730344
13021,0.1676448618077
13025,0.13956043956044
13027,0.14030384271670998
13029,0.37362637362636997
13033,0.18206157965194003
13035,0.05322924059617
13045,0.16837334228639003
13047,0.18834184858337
13051,0.29496997650335
13053,0.7235984354628399
13057,0.18269367955486
13059,0.20730911463998
13063,0.24393271677736
13067,0.19859717015359
13073,0.40532171120541
13077,0.19699367088608
13079,0.24534501642935
13083,0.11295681063122999
13085,0.10773480662983
13089,0.20039238442621
13095,0.15331252167881
13097,0.23988195615514002
13101,0.15454545454545002
13103,0.38838657825999995
13113,0.2071530758226
13115,0.13892425206875
13117,0.14427377017305
13121,0.18693460233698
13127,0.15290245362059
13135,0.22338410441370998
13139,0.15087484463142
13143,0.15734526472782
13145,0.18628030751035002
13149,0.1625730994152
13151,0.29076584829608
13153,0.37512965310590995
13159,0.12284730195178001
13169,0.15619546247817997
13171,0.23210070810386
13173,0.49025487256371997
13177,0.27442071785551997
13179,0.56535292807838
13181,0.04145077720207
13183,0.59624765478424
13185,0.40913718503436
13195,0.21549213744904
13197,0.22199170124481
13189,0.19510664993726
13191,0.06272838002436
13199,0.26514486391572
13207,0.17371428571428998
13211,0.06890611541774001
13213,0.14819427148194
13215,0.3177716158306
13217,0.24432400761682
13219,0.12019491066594001
13221,0.11542497376705001
13223,0.26754697816149997
13225,0.16666666666667002
13227,0.14373420007223
13231,0.07407407407407
13245,0.26461304016545
13247,0.26833234772324
13255,0.0872908186341
13259,0.05699481865285
13263,0.07155635062612
13273,0.13533834586465998
13289,0.06722689075629999
13295,0.09339513325608
13297,0.16328664018398
13313,0.11927840603123
13321,0.14063656550703
15003,0.36483619763695
15009,0.15232397606995002
19011,0.11426879810539
19013,0.13769930162077
19015,0.21359223300970998
19017,0.1270337922403
19049,0.24742773150416
19061,0.12186642268983999
19075,0.10866141732283
19077,0.10953608247422998
19085,0.13450292397661
19099,0.12191034771680001
19103,0.20316518298714
19105,0.14037267080745
19113,0.15297674753437
19121,0.17757009345794
19129,0.18787361229718
19153,0.19895935514138002
19155,0.15895222503349
19163,0.1839507214581
19169,0.27034190299495997
19181,0.19772727272726998
19183,0.2170916609235
19193,0.22103286384976997
16001,0.22196230450475
16005,0.1699449252557
16015,0.11702127659574
16019,0.16176950701926002
16023,0.09004739336492998
16027,0.22313188448943
16041,0.08870967741935
16045,0.1628145865434
16051,0.27997227997228
16053,0.15696649029982002
16055,0.10310530711410999
16069,0.13828382838283998
16073,0.16577540106952
16077,0.07112970711297
16083,0.17743934832654998
17003,0.0625
17005,0.0831960461285
17007,0.12993971868721002
17013,0.09870129870130001
17019,0.18079161816064998
17027,0.19011142061281
17031,0.13814743589744
17037,0.20358027042468
17043,0.13286010427791
17057,0.11764705882353
17063,0.20969899665551997
17073,0.14991233196960999
17077,0.27244049326068
17083,0.11796536796537
17087,0.06367432150312999
17089,0.15851007295038
17091,0.11934928828406001
17093,0.24013826758845003
17097,0.20233270732431
17115,0.11653922401586
17117,0.14230882787127
17119,0.17371586315686
17123,0.10909090909091
17111,0.16649459701287
17113,0.20434040477932003
17129,0.15895953757224998
17131,0.14309076042517999
17133,0.14841305319623999
17143,0.16139272913466002
17147,0.17685794920038
17161,0.12811767213814
17167,0.18485999050782997
17163,0.29104356306892
17175,0.18298969072165
17179,0.15790076773232
17183,0.09945925067594001
17197,0.15973727203014002
17199,0.13023782559456
17201,0.13310928404249
17203,0.13166529942576
18003,0.17743625567585997
18005,0.17988445378151
18007,0.17840375586854
18011,0.24064336529539002
18013,0.14216027874564002
18015,0.19063109954457
18019,0.19984850397677
18021,0.20248868778280998
18029,0.10477334133894001
18035,0.12967235809875
18039,0.13339445335778
18043,0.13645182151326
18047,0.15187239944521
18057,0.18116924834035
18059,0.23847262247839
18061,0.1337513061651
18063,0.17198189664246
18067,0.15185563500170002
18073,0.12729779411765
18081,0.22132034632035003
18089,0.13254713380658
18091,0.14289501590668
18095,0.12705187130663
18097,0.18048402629485
18105,0.18984260911894002
18109,0.17414392968321
18111,0.14017769002962
18115,0.12761020881671
18119,0.11432604093155001
18121,0.11017597551644999
18127,0.13817209828313
18129,0.10165864098447999
18133,0.12969553183076
18145,0.15088555858310998
18141,0.13618497109827002
18153,0.12883435582822
18157,0.19545758183032996
18161,0.05242718446602
18163,0.15253789213958
18165,0.11155698234349999
18167,0.19773444221394
18171,0.06591639871383
18173,0.15640298892038001
18175,0.16204458945079
18183,0.15516420752023
20015,0.2457644417228
20043,0.14310954063604
20045,0.24460874922982
20061,0.63459145582746
20079,0.15656299420137
20085,0.17017543859648998
20087,0.13084745762712
20091,0.18054526857828
20103,0.41549074945124
20107,0.0819209039548
20121,0.10232983097305
20139,0.16309606081548
20149,0.23187459177008
20161,0.54321705426357
20173,0.22425614895892002
20177,0.14393641300071
20191,0.14137214137214002
20197,0.28460038986355
20209,0.17028254288597
21003,0.09655831739962001
21015,0.19470351180196
21017,0.12178956089477999
21019,0.15551125035602
21023,0.17804154302671
21029,0.2140395428986
21031,0.09918319719953
21037,0.13837567359507
21043,0.17084493964717
21047,0.38972345510413
21049,0.14906264288979998
21059,0.13590494791667
21061,0.06657608695652
21067,0.20202999741402
21077,0.12863070539419
21081,0.23588235294117998
21089,0.09849462365591001
21091,0.17550274223035
21093,0.38941051888457
21101,0.14613180515759
21103,0.10595446584938999
21111,0.1539975937876
21113,0.12592831772683
21117,0.17072201807528
21123,0.07982062780269
21149,0.061682242990650005
21163,0.33447684391081
21185,0.23301199153539
21191,0.07520564042302999
21209,0.23039635015683
21211,0.21876263647392
21215,0.22421524663677
21221,0.2552783109405
21227,0.18271318951788001
21239,0.12237552489502
22001,0.15390334572491
22005,0.22180151454763
22007,0.18409680207433
22015,0.33339261894175
22017,0.18626411328052
22019,0.1863715783343
22023,0.13948919449901998
22031,0.16826923076923
22033,0.18081162813384
22037,0.044585987261150005
22043,0.27196921103271
22045,0.12117903930131
22047,0.11302211302211
22051,0.17395317205868
22055,0.22565845369583998
22057,0.21341304912918999
22063,0.23251700680272003
22067,0.08485401459853999
22071,0.18003110419907
22073,0.19585091420534
22075,0.38260869565217
22077,0.16533066132265
22079,0.21852907038092
22087,0.1970802919708
22089,0.21394841990556
22091,0.24439461883407998
22093,0.16563658838072
22095,0.13165399239544
22099,0.26881233000907
22103,0.20413866920378
22105,0.19587176108915
22109,0.23771152296535
22111,0.02319587628866
22113,0.23123856009762
22121,0.15179316096747
22125,0.1064453125
25001,0.09202133828134
25003,0.12317452717261
25005,0.13287762006068
25009,0.1153928494969
25011,0.12377915088698
25013,0.162259222984
25015,0.17314487632509
25017,0.15742619280817002
25021,0.13615458539264
25023,0.13560749631501
25025,0.2402699309479
25027,0.15087267459241002
24001,0.15444400159426003
24003,0.34376529074433
24510,0.17280908506535
24005,0.15199509769261998
24009,0.35317006179904
24013,0.19939493949395
24015,0.15495750708215
24017,0.36145549218944
24021,0.24905493951613
24025,0.27942404006678
24027,0.29390742001361
24031,0.26286430432005
24033,0.26174079824642005
24035,0.17550574084199
24039,0.16845637583893
24037,0.39976869699305995
24043,0.19719378081153002
24045,0.15821501014199
24047,0.09840546697039
23001,0.16968060122123
23005,0.15026548672566
23019,0.18038311457964004
23023,0.13848238482385
23031,0.14636600378788
26017,0.13961422385514002
26021,0.09097633136095
26025,0.15731888676439001
26027,0.11270376616076
26037,0.12853470437018
26045,0.13086084727876
26049,0.11493614658522999
26065,0.17240598096964002
26067,0.15076495132128
26075,0.13851216593538002
26077,0.17743166895709
26081,0.15249741646573
26087,0.11754843517139
26093,0.13396418962797998
26099,0.13988847350723999
26111,0.10800821355236
26115,0.11685976827807
26117,0.11776753712238
26121,0.13684210526316
26125,0.11732460174386998
26139,0.17783000391696
26145,0.09341651617139998
26155,0.13129194630872
26147,0.13145957484657
26161,0.15165737753007
26163,0.12125299382327
27003,0.15256050955414002
27009,0.23311748381129
27013,0.15762273901808999
27017,0.12882011605416
27019,0.18706800445931
27025,0.18605277329025
27027,0.18054256314312
27037,0.15692655367232
27039,0.15704584040747
27045,0.11751152073733
27053,0.14311344450529997
27055,0.07611336032389
27059,0.184375
27075,0.03985932004689
27079,0.11009174311927
27095,0.15291750503017998
27103,0.07639751552794999
27109,0.12534297829883
27119,0.13940031562335997
27123,0.14654282765738
27139,0.15675182481751998
27141,0.17535089405883
27137,0.14639687610934002
27145,0.18752629364745002
27157,0.09727626459144
27163,0.17197117549917001
27171,0.14575779550399
29003,0.20350877192982
29013,0.19178082191780998
29017,0.13021491782553998
29019,0.22470433639947002
29021,0.17690935625101
29025,0.15712383488682
29027,0.19719151478935998
29031,0.18041543026706
29037,0.18153996817235998
29043,0.17933935805547
29047,0.19704624951419
29049,0.13136574074074
29051,0.18793503480278
29053,0.1486268174475
29059,0.07482517482517
29063,0.18085106382979002
29071,0.11906699213453001
29077,0.17991201508313
29089,0.11411411411411
29095,0.16631491116128
29097,0.1383371169126
29099,0.15010868175425002
29107,0.22495088408644
29113,0.15544608648057
29135,0.15140186915888001
29145,0.20435588507877997
29151,0.11431742508324001
29165,0.2894280762565
29167,0.16964717254712
29177,0.15443786982249
29183,0.16590890303381
29510,0.1615652606694
29189,0.13946918578498
29219,0.06997084548105001
29225,0.15814135103475
28029,0.16498625114573998
28031,0.05452775073028
28033,0.21790988262021999
28035,0.23198100992663
28045,0.19653179190751002
28047,0.31740677417864005
28049,0.17420526793823998
28051,0.15935334872979
28059,0.24886950904393
28073,0.27789529349551
28089,0.22260195944406
28093,0.07154742096505999
28111,0.23903818953323996
28121,0.26325316783035996
28127,0.22102231821454
28131,0.22810333963452997
28137,0.11532507739938
28143,0.16120906801008
28163,0.32441253263708003
30009,0.20237010027347
30013,0.33300897394313
30063,0.19142259414225998
30095,0.14739884393064
30111,0.18309738309738
37001,0.13142421602787
37003,0.09502923976608
37007,0.14061433447098998
37019,0.13698121612592
37021,0.12804082117005
37023,0.08517511050663
37025,0.19578675838349
37027,0.14674533688618
37029,0.29954954954955
37035,0.16141405764047
37037,0.08124715521164999
37049,0.32229920451628996
37051,0.46666203317579
37053,0.33010960670535
37057,0.14637509850276
37059,0.118125
37063,0.21763743009139003
37065,0.13343677269201
37067,0.16233066141657998
37069,0.23203285420945
37071,0.17624405346221
37073,0.13925438596491
37077,0.18982002249719002
37081,0.18408210133486
37085,0.45514139797240993
37087,0.13576283987915
37089,0.11530006594856
37093,0.5224462137896
37097,0.14974014724989002
37101,0.23362075318741002
37103,0.19695321001088
37109,0.16028173853289998
37115,0.18815789473683997
37119,0.21963905251285
37127,0.18448
37129,0.20339321357285
37133,0.54567859977443
37135,0.23359676530049997
37137,0.12181479179615
37141,0.20175255581055998
37145,0.151100041511
37147,0.20548813620721
37151,0.12959251837007002
37157,0.13528703331994998
37159,0.16981934112646
37169,0.1081509673327
37179,0.19066721244371998
37183,0.2165246055121
37191,0.31880448318804
37197,0.08716707021792
38015,0.23175507297971
38017,0.2485067057365
38035,0.30125325135965997
38059,0.20899772209567002
38065,0.2
31025,0.23388653029718
31043,0.19226393629124
31051,0.11256544502618
31055,0.19508955935435998
31079,0.16112693890472002
31093,0.03421052631579
31109,0.19816091954023
31121,0.12152777777778
31153,0.36518011246590004
31155,0.16077865897621
31159,0.18782249742002
31177,0.14888010540184002
33011,0.15078074785436
33015,0.14666237291255
33017,0.15694032311243
34001,0.11837728194726
34003,0.1189558321401
34005,0.21812513437970002
34007,0.15069751169808
34009,0.10431547619048
34011,0.12163202463433
34013,0.12465389000489001
34015,0.13799435954614003
34017,0.21111673414305
34019,0.07152050009192999
34021,0.10768591607811
34023,0.14132502327087
34025,0.09199032112537
34027,0.10327526918089999
34029,0.10249353681928
34031,0.1123398838412
34033,0.13753581661891
34035,0.10992796742875001
34037,0.13202559821925
34039,0.13352272727273
34041,0.09617526921649
35001,0.20063373483863
35013,0.26800224152424
35045,0.17893238434164002
35043,0.17205184373859
35049,0.11168296448791001
35057,0.05974842767295999
35061,0.16427535063679
32510,0.10045766590389
32003,0.21128200818065
32029,0.15711252653928
32031,0.17926652478332003
36001,0.15011701771983
36005,0.18359483614697003
36007,0.10860996759219001
36015,0.13449023861171003
36027,0.11986202931877
36029,0.13283593569725
36043,0.15856052344601998
36045,0.41313794845881996
36047,0.20037105751391002
36051,0.11882510013350998
36053,0.17709720372835996
36055,0.14212244662102
36059,0.09897121720032001
36061,0.16637528211323
36063,0.14663461538462
36065,0.16967218609639997
36067,0.14474898671696
36069,0.12187769164513002
36071,0.22311194850054997
36073,0.177690029615
36075,0.19701213818861
36079,0.12083446220536
36081,0.17403583718998
36083,0.13717143769288
36085,0.11026463512430001
36087,0.11210659315414999
36091,0.16882188576256
36093,0.16577353215284
36095,0.15562080536913
36103,0.09783925356032001
36107,0.12412243751755
36109,0.20521255060729002
36111,0.10487444608567
36113,0.13375279074488
36115,0.12768468255841
36117,0.14258464473057
36119,0.11067657411029
36123,0.115
39003,0.14952116156935
39013,0.14776119402985
39015,0.10904506775922
39017,0.16359937550267
39019,0.12064194798008
39023,0.14803285776048
39025,0.16344136162276002
39035,0.12515220172315
39041,0.17104139991464
39045,0.17746671887235999
39049,0.20611148208209998
39051,0.11174991016888
39055,0.08024328036100001
39057,0.32712294043093
39061,0.13439182728599
39073,0.11532985287138
39081,0.12618058179071
39085,0.12846555037057
39087,0.11926605504587
39089,0.13722222222222
39093,0.13383838383838
39095,0.13901756839437
39097,0.09885057471263999
39099,0.10364555614689
39103,0.14281752634498002
39109,0.15183313900764
39113,0.19603579916064
39117,0.12051709758132001
39123,0.13462686567164
39127,0.16074188562597
39129,0.20677877036259
39133,0.14854003459151002
39139,0.1540186077794
39151,0.11595368285622
39153,0.13865320927299
39155,0.09780247859972001
39159,0.23476140717520003
39165,0.17236310180081
39173,0.19837073031299
40017,0.24508975712777
40027,0.30349916686503003
40031,0.44186046511628
40033,0.13645621181262999
40037,0.11218335343788
40047,0.25813609467456
40051,0.20796139927624
40081,0.15764620414094002
40083,0.19988013185495998
40087,0.27576489533010995
40109,0.2621447856574
40111,0.12354923249718999
40113,0.13586956521739
40117,0.07516891891892
40131,0.17333895210001
40135,0.16543126684635998
40143,0.1991867729427
40145,0.17935920141684
41003,0.18252759802055998
41005,0.15823984232868
41009,0.11175138917473
41017,0.11119459053343
41029,0.13855683547054998
41033,0.10870059064061999
41039,0.15347808750498002
41043,0.15747520622857
41047,0.15564663473409
41051,0.17020936124817002
41053,0.13168073136428
41067,0.20961422063649
41071,0.18481933974526
42001,0.13886036960985998
42003,0.13682297247806
42005,0.12037212834631
42007,0.13614831754329
42011,0.11082173327346001
42013,0.14861156843376
42017,0.1308239478364
42019,0.13525212636695
42021,0.15373831775701002
42025,0.13890489913545
42027,0.20203415369160999
42029,0.13994961026691
42037,0.12911025145068
42041,0.19565217391304002
42043,0.16132410262377
42045,0.11374751642977002
42049,0.13392536317438
42051,0.11631944444444
42055,0.16312459441920998
42069,0.10785498489426
42071,0.12589790748517
42075,0.1327414227776
42077,0.11330157165544
42079,0.1191946185035
42081,0.19521240728254002
42085,0.11233885819521
42089,0.13082901554404
42091,0.12705302972609
42093,0.19385515727871
42095,0.11205642001567001
42099,0.16195913461538
42101,0.14818476222942
42103,0.14112811144097
42125,0.14043734814301
42129,0.13307766059444
42131,0.149
42133,0.17360496014172
44001,0.15475704369129997
44003,0.14733657284313
44005,0.16608787558507998
44007,0.15170361326262
44009,0.15340980713475
45003,0.20007578628268
45007,0.16741437014882998
45013,0.19134913602127002
45015,0.28875174557412
45017,0.07470747074707
45019,0.20631629867661996
45023,0.09394250513347
45027,0.1095041322314
45031,0.16208425720621
45035,0.31417576961271004
45037,0.30513595166163
45039,0.14814814814815
45041,0.18505079825835
45045,0.17417214058373
45051,0.10306847772538999
45053,0.22412480974125001
45055,0.22271037512673
45057,0.12615834823605998
45059,0.13890203502129997
45063,0.22779291553133998
45077,0.17993527508090998
45079,0.2788083377032
45081,0.14814814814815
45083,0.21206279261910999
45085,0.37204360679970006
45091,0.21666384992395002
46083,0.20381526104418
46087,0.13564668769716
46093,0.40006975933031
46099,0.22612921669525002
46103,0.24533957845433
46125,0.16123188405797
46127,0.21212121212121
47001,0.18400530944085003
47009,0.15990333299768
47011,0.15015062628825
47013,0.13452743902439
47015,0.16647531572904997
47019,0.15768551236748998
47021,0.19190346438303002
47023,0.18821292775665
47033,0.15861214374226001
47037,0.19919049830801003
47043,0.20563961485557
47047,0.13978494623656
47053,0.18273769386379
47057,0.11945812807882002
47063,0.09807399898632001
47065,0.15608817194445998
47073,0.19284294234592003
47089,0.15832940066068998
47093,0.19468967137726
47105,0.08480228680324
47111,0.06766256590509999
47113,0.1925597874225
47115,0.12688172043011
47119,0.16282074949234
47125,0.48020029049766993
47129,0.07612231620039
47139,0.16225749559082997
47145,0.15027373985275
47147,0.23340471092076998
47149,0.27692817313532003
47153,0.22266244057051998
47157,0.17243708162009
47159,0.14784205693297
47161,0.2491781722551
47163,0.14565553117126
47165,0.17406912673234
47167,0.28926794598435995
47169,0.36608344549125
47171,0.08063530849113999
47173,0.15604867573372
47179,0.16931703281552
47187,0.16649879129734
47189,0.20546727414156998
48009,0.17970049916805
48011,0.24260355029585998
48013,0.27144646211647
48015,0.16603487490523
48019,0.21570838030814998
48021,0.21036151437518
48027,0.5534773815006899
48029,0.35056576067191
48037,0.24580454096742
48039,0.22806717904925
48041,0.33030701230438003
48051,0.23418241577649998
48055,0.20249653259362002
48059,0.17357512953368
48061,0.17897302822993
48065,0.18604651162791
48071,0.27583225248595006
48077,0.18096357226792
48085,0.22627510854526
48091,0.282324596627
48099,0.5019924190883499
48107,0.027522935779820002
48113,0.20104218090066
48121,0.24334296186616
48135,0.2516814159292
48141,0.40443096622019997
48139,0.23343907445419
48145,0.17003367003367004
48157,0.19397530104259
48167,0.22101011976604
48175,0.14563106796117
48181,0.17772677377507
48183,0.19613370922270998
48187,0.41592521680369
48199,0.19108115115375002
48201,0.24707113232843
48203,0.12424100887436
48209,0.27572977481234
48215,0.19983534577387002
48229,0.05769230769231
48231,0.17738223108792
48235,0.12371134020619
48245,0.14903190619035
48251,0.18672355377085997
48253,0.12035541195477
48257,0.25047053713624
48259,0.21275232297341
48281,0.3449634214969
48291,0.29730719912071996
48303,0.27075812274368
48305,0.20209059233449
48317,0.23076923076923
48309,0.19951906561319002
48325,0.19348749410099
48329,0.24547419616320001
48339,0.23120692925334
48355,0.24422606301620997
48359,0.04285714285714
48361,0.17894736842104997
48367,0.21905927966534
48375,0.18446440452427998
48381,0.23475964078182998
48395,0.0840652446675
48397,0.26263850415511997
48401,0.11850699844479
48409,0.25560747663551003
48423,0.15461642905635
48431,0.0
48439,0.24413591928293002
48441,0.34485043544112
48451,0.29296077377754
48453,0.28946087498296
48459,0.13098330241186998
48469,0.22952567063422002
48473,0.18107221006565
48479,0.18961303462322002
48485,0.34217410915651997
48491,0.27559844233192
48493,0.2489102005231
48497,0.20879120879121
49003,0.22411589262889
49005,0.22478299910207
49011,0.34980792385758
49023,0.22650602409639
49029,0.23900573613767
49035,0.21390986044382998
49045,0.30576155162578
49049,0.26112199216563997
49053,0.10144522144522
49057,0.25478077510360997
51003,0.22043251304995998
51510,0.46470588235293997
51007,0.23265306122449
51009,0.14346978557505
51011,0.21677327647476996
51013,0.44132380717746994
51015,0.12606232294618
51019,0.14378689268957
51023,0.12347401464945999
51520,0.13651315789474
51031,0.18415206121945002
51036,0.12121212121212
51540,0.21824686940965998
51550,0.39121198568872995
51041,0.23796855146125
51043,0.14703196347032002
51570,0.25996430696014
51045,0.078125
51047,0.18787878787879
51053,0.17299578059072
51600,0.23330990864370998
51059,0.36385745146258003
51610,0.55396475770925
51061,0.21307189542484
51065,0.15269855199649
51620,0.18134715025907003
51067,0.0796332046332
51069,0.18724915097252
51630,0.39371337240277
51071,0.15666327568667002
51073,0.26399447131997
51075,0.16013071895425
51079,0.21926229508196998
51650,0.40394743842102
51085,0.20310781078107998
51660,0.33009708737864
51087,0.19335448321923998
51670,0.40279787747226
51093,0.34603258013663
51095,0.27611707113842
51097,0.10536779324055999
51101,0.18909410729991
51107,0.34587356531244
51680,0.25594111461619
51113,0.09245742092457
51683,0.35708117443869003
51685,0.50655021834061
51115,0.08477666362808
51121,0.20168067226891
51125,0.16652858326429001
51127,0.15020576131687
51700,0.38702403525854995
51710,0.49119744465904
51730,0.22360497792051
51735,0.37394957983193
51740,0.35241258058214003
51145,0.20778032036612998
51149,0.4404813064030901
51153,0.39777877975272
51155,0.14713791778717003
51750,0.19638554216867
51157,0.09220985691574
51760,0.19795019481620002
51770,0.20210298438225002
51161,0.19140804158386
51165,0.18177707438389998
51775,0.15741270749857
51169,0.08010680907877
51175,0.23488120950323998
51177,0.30309087015490005
51179,0.50859732965463
51790,0.19331065759636998
51800,0.41678116698727
51183,0.26899383983573
51810,0.43588112654156996
51187,0.1796875
51191,0.06785411365564
51820,0.19407687460618
51830,0.2388503468781
51840,0.25558739255014
51199,0.42248632730332003
50007,0.16894329896907
50011,0.19669827889006
50013,0.06962025316456
53003,0.14855769230769
53005,0.17914979757085
53007,0.16415133347116
53011,0.18030487804878
53015,0.14492753623188
53017,0.1183110367893
53021,0.22817354043920998
53033,0.18827611576739
53035,0.30736625389809
53053,0.33178298179112
53057,0.19407924979314004
53059,0.13162393162393
53061,0.21313413169010997
53063,0.21545710722039998
53065,0.15655447298494
53067,0.30520291363163
53071,0.20305010893245998
53073,0.18097301831399
53077,0.11809228524530001
55009,0.18335361053460003
55015,0.13714285714286
55017,0.13461969934933998
55021,0.14439768542872
55025,0.19272947068473997
55031,0.16617560400707002
55035,0.19042663891779002
55039,0.09215250470165999
55045,0.12047619047619
55049,0.13159746657284
55059,0.18675262555891
55061,0.08922558922559
55063,0.19920896506262
55069,0.13993174061432997
55073,0.16765630457562
55079,0.16316992633985
55083,0.12999675008125
55087,0.15333333333333
55089,0.14837750805053
55093,0.13330547430004
55101,0.14195583596214997
55105,0.12668902731193
55117,0.12347560975610002
55109,0.17702127659574
55131,0.14880171694289002
55133,0.11010865347302999
55139,0.16550852811118
54003,0.21104257255535996
54005,0.08216136195411
54009,0.16203460933403
54011,0.14460419765328
54015,0.08061420345489
54019,0.14167585446526998
54027,0.13156732891832001
54029,0.08623548922056001
54035,0.16190476190476
54037,0.22147132651091003
54039,0.13496830163497
54043,0.03975058456742
54051,0.10877192982456
54057,0.15387912558937
54061,0.19807616804082998
54065,0.14936247723132998
54069,0.10755308040376
54077,0.18319253001334002
54079,0.16430817610063
54081,0.15741062131204
54099,0.0802888700085
54105,0.14168377823409
54107,0.16058621764889003
56021,0.32937165124208
56025,0.2717333803562
02013,0.13194444444444
02016,0.32862190812721004
02050,0.22187004754357997
02060,0.23076923076923
02068,0.04545454545455
02070,0.26241134751773
02100,0.34117647058824
02105,0.05555555555556
02110,0.2589897260274
02122,0.14159469773047
02130,0.2045871559633
02150,0.50657894736842
02158,0.31223628691983
02164,0.3442622950819699
02180,0.12690355329949002
02185,0.20039292730845001
02188,0.22727272727273
02195,0.09731543624161
02198,0.1438202247191
02220,0.22765598650927
02230,0.20338983050847
02240,0.2133526850508
02261,0.35093509350935
02275,0.04910714285714
02282,0.1
02290,0.09919571045575999
01005,0.15737951807229
01011,0.16479400749064002
01013,0.14441147378832997
01017,0.21265461465271
01019,0.08178438661710001
01023,0.13948256467942002
01025,0.20187393526404998
01027,0.13132911392405
01029,0.14203730272597
01031,0.39236276849642
01035,0.055652173913040004
01037,0.18582169709989
01039,0.12732919254658
01041,0.14950634696756
01043,0.19825242718447
01045,0.32021405144139004
01047,0.15550636413945998
01049,0.10910703725606
01053,0.13078375826251
01057,0.1508739650414
01059,0.19699248120301
01071,0.15873015873016
01075,0.11624834874505
01087,0.19405204460967002
01091,0.19978858350951
01093,0.185559566787
01095,0.17886178861789004
01099,0.20209580838323002
01105,0.2716049382716
01109,0.20031298904538003
01111,0.16533139111435
01119,0.28482328482328
01121,0.13728103579589
01123,0.09544312881233999
01127,0.13369397217929
01131,0.09685863874346001
01133,0.14898255813952999
05001,0.12082514734774001
05003,0.13669064748200999
05005,0.17473233404710997
05009,0.18913612565445
05011,0.20156046814043999
05013,0.21525885558583
05015,0.07569892473117999
05017,0.07264957264957
05019,0.14940098661029003
05021,0.18453608247423
05023,0.11585606959272
05027,0.27477477477476997
05029,0.15530085959885
05037,0.28278688524590007
05039,0.13907284768212
05041,0.13333333333333
05043,0.21384205856256
05049,0.1413881748072
05055,0.15520833333332998
05057,0.20578231292517002
05059,0.12594776748103997
05061,0.11584553928096
05063,0.16773418734988
05065,0.08908045977011
05067,0.11056268509377999
05071,0.11196682464455002
05073,0.08685446009390001
05075,0.13216266173752
05077,0.14201183431953
05083,0.13550135501355
05089,0.09175824175824002
05093,0.09644892590969
05095,0.06835443037975
05097,0.02937249666222
05099,0.09662921348314998
05101,0.0
05103,0.22947761194029997
05107,0.04056795131846
05109,0.12388250319284999
05113,0.06677265500794999
05115,0.20037365716955
05117,0.0528233151184
05121,0.18009049773756
05127,0.13074712643678
05129,0.13489736070381
05133,0.02973568281938
05135,0.14239130434782998
05123,0.12942061700527002
05137,0.09807692307692001
05139,0.17605004468274998
05141,0.10740439381611001
05145,0.22762148337596
05147,0.1859756097561
05149,0.06217616580311
04001,0.13835660928873
04007,0.052018915969440006
04009,0.17644032921810998
04011,0.2457231726283
04012,0.04592240696754
04017,0.12674498963372
04023,0.20058309037900998
06003,0.0
06005,0.14146981627297
06009,0.0730349588065
06011,0.11084337349398
06015,0.0595703125
06021,0.13749114103473
06023,0.1408590172051
06027,0.12844036697247999
06033,0.07817164179104
06035,0.17792338709677
06043,0.09966329966330001
06045,0.0843292375021
06049,0.01666666666667
06051,0.37163120567376
06057,0.09931378665003
06063,0.12526652452026
06091,0.14383561643836
06093,0.09093257556187
06103,0.06534608378871
06105,0.08434782608696001
06109,0.15337186897881
08003,0.16561314791403
08007,0.15390749601276002
08009,0.10762331838565
08011,0.096018735363
08015,0.13295454545455
08017,0.17924528301887
08021,0.12132352941175999
08023,0.17487684729064001
08025,0.11161731207289
08027,0.10320781032078
08029,0.11491603556141
08033,0.048913043478260004
08037,0.21026407573493
08043,0.20121390472686998
08045,0.16302765647744
08049,0.08044030482641999
08051,0.13114754098361
08053,0.23529411764706
08055,0.10149942329872999
08057,0.08496732026144
08061,0.15942028985507
08063,0.09053497942387
08067,0.10786994834397
08065,0.22176591375770002
08071,0.10734463276836001
08073,0.12169312169312001
08075,0.1925601750547
08079,0.0
08081,0.08831168831168999
08083,0.14610832954028
08085,0.07846018219217998
08087,0.19700551615445003
08089,0.07686212361331
08091,0.08606557377049001
08095,0.07003891050583999
08097,0.14911080711354
08099,0.17091454272864004
08103,0.21142857142857
08105,0.061016949152539995
08107,0.16574585635359002
08109,0.07188160676533001
08111,0.17741935483871
08113,0.04012345679012
08115,0.14594594594595
08117,0.15494071146245
08121,0.1586402266289
08125,0.09142857142857
09005,0.10857343640197
12007,0.21179138321995
12013,0.04924242424242
12023,0.19532016253328
12027,0.07071622846782001
12029,0.13713405238829
12037,0.0751503006012
12043,0.07666666666666999
12045,0.18872870249017
12047,0.1008316008316
12049,0.09380234505863
12051,0.14118412491867002
12059,0.11966325917017
12063,0.12392730943968
12067,0.21705426356589
12077,0.15732368896926
12079,0.13872340425532
12087,0.20774055377083997
12093,0.10421286031042
12107,0.10653409090909001
12121,0.14366998577525
12123,0.05869720830351001
12125,0.10920634920635
12133,0.1690946930281
13001,0.23263506063947
13003,0.16666666666667002
13005,0.15635738831614998
13007,0.11170212765957002
13009,0.13231141589351
13011,0.10356255178128
13017,0.1
13019,0.22406181015453
13023,0.17654986522910998
13031,0.26486079759217
13037,0.07739938080495
13039,0.39469207213338003
13043,0.18849840255591002
13049,0.26294416243655
13055,0.09245562130178
13061,0.05825242718447
13065,0.1324200913242
13069,0.34450923226433
13071,0.16988893459482
13075,0.13013698630137
13081,0.10946196660482001
13087,0.18536197295147003
13091,0.07322834645669
13093,0.08354430379747001
13099,0.11515151515152
13105,0.08802308802308999
13107,0.20713073005093
13109,0.18406593406593
13111,0.08989805375347999
13119,0.09082308420057
13123,0.12296353762607001
13125,0.19879518072289
13129,0.11069418386491998
13131,0.06348167539267
13133,0.11137629276053998
13137,0.10446175637393999
13141,0.021141649048629998
13147,0.14037347070186998
13155,0.09222423146474
13157,0.26031894934334
13161,0.13578500707214
13163,0.19538834951456
13165,0.08897485493230001
13167,0.20175438596491002
13175,0.1301775147929
13187,0.11096014492754
13193,0.043545878693620005
13201,0.19369369369369
13205,0.20886981402003002
13209,0.13679245283019
13229,0.07784431137725001
13233,0.04736842105262999
13235,0.20061728395062
13237,0.12613156306578
13239,0.11904761904762
13241,0.05259259259258999
13243,0.07868852459016
13249,0.16333333333333
13251,0.19473684210526002
13253,0.1547619047619
13257,0.17874930824570998
13261,0.19650067294751
13265,0.08256880733945
13267,0.29645314981472
13269,0.254
13271,0.15729047072331
13275,0.25452530476542
13277,0.21252796420582
13279,0.17914625612316
13281,0.02787456445993
13283,0.29307282415631
13285,0.16474506789649
13287,0.42857142857143
13291,0.07120465741155001
13293,0.14065180102916
13299,0.1361581920904
13301,0.15714285714285997
13303,0.0899814471243
13305,0.22974308300395
13307,0.11650485436892999
13309,0.16494845360825
13311,0.13188031030661
13315,0.18058252427184002
13317,0.13005272407733
13319,0.05741626794258
15001,0.14057250369573998
15005,0.0
15007,0.10819086501659
19001,0.11788617886179
19003,0.12132352941175999
19005,0.10690423162584
19007,0.11386696730552001
19009,0.18891687657431
19019,0.12182361733930999
19021,0.08652657601978
19023,0.10140562248996
19025,0.12727272727273
19027,0.09492089925061999
19029,0.15664160401003
19031,0.19077568134172
19033,0.07076813655761
19035,0.09953161592505999
19037,0.09036144578313
19039,0.12929623567921
19041,0.11791590493601
19043,0.11809235427706
19045,0.16596343178622
19047,0.07329192546584
19051,0.10526315789474001
19053,0.06888361045131
19055,0.14762386248735998
19057,0.1041388518024
19059,0.11809685641461
19063,0.07102803738317999
19065,0.16111951588502
19067,0.06748466257669
19069,0.13537906137184
19071,0.13678373382625
19073,0.05247376311844001
19079,0.17094972067039002
19081,0.11653543307086998
19083,0.08141447368421001
19087,0.12961719274681
19089,0.19009584664536996
19091,0.14071856287425
19093,0.11085972850678999
19095,0.18039624608968
19097,0.13663663663664
19101,0.29158512720157004
19107,0.12772133526851
19109,0.06266094420601
19111,0.16174121405751002
19115,0.08348134991119
19117,0.1824686940966
19119,0.11598746081505
19123,0.14001806684734
19125,0.17631983598155
19127,0.09870945238925999
19131,0.0730411686587
19133,0.09659090909090999
19135,0.11316872427984
19137,0.1264
19139,0.09825750242014
19141,0.1017316017316
19143,0.17422434367542003
19145,0.12177121771218
19147,0.10244648318043
19149,0.21584861028976998
19151,0.09979633401222
19157,0.09105691056911001
19159,0.08306709265175999
19161,0.11607142857142999
19165,0.09744214372716001
19167,0.12998624484182
19171,0.0743119266055
19173,0.12820512820513
19175,0.16225546605293
19177,0.10112359550562
19179,0.13324926439680998
19185,0.0975
19187,0.18363192182410001
19189,0.06851549755302
19191,0.11523809523810001
19195,0.09156193895871001
19197,0.09782608695652001
16003,0.10546139359699
16007,0.0859872611465
16009,0.13789778206365
16011,0.16291629162916002
16013,0.23124569855471
16017,0.11336405529954
16021,0.09778225806452001
16025,0.48351648351647997
16029,0.18136020151134
16031,0.26402943882245
16033,0.14285714285714002
16035,0.15056570931245
16037,0.03339517625232
16039,0.46825989544436003
16043,0.06851311953353
16047,0.12674650698603002
16049,0.10328638497653
16057,0.22328244274809
16059,0.07472527472527
16061,0.05684754521963999
16063,0.17915309446254
16065,0.15463917525773002
16067,0.18331616889804003
16071,0.07868852459016
16075,0.13293768545994
16079,0.09624796084828999
16081,0.18339100346021
16085,0.17399267399267002
16087,0.22237960339943
17001,0.17759078830824
17009,0.13965087281796
17011,0.126570497906
17015,0.14532871972317998
17017,0.08030112923463001
17021,0.18519895872071
17023,0.28905419766206
17025,0.058956916099769996
17029,0.18235294117647
17033,0.14274061990212
17035,0.13897280966767
17039,0.13375796178344
17041,0.16279069767442
17045,0.12398703403566001
17047,0.16035634743875002
17049,0.22326064382139002
17051,0.21641249092229
17053,0.09472551130247998
17055,0.16953151331310998
17059,0.13841807909604997
17061,0.10499139414802
17065,0.08957952468007001
17067,0.12842599843382999
17069,0.07365439093484
17071,0.04990757855823
17075,0.08100399315459
17079,0.028571428571430003
17081,0.13126142595978
17085,0.09010077059869999
17095,0.09367396593674
17099,0.12310095129916002
17101,0.18095238095238
17103,0.10359922178988
17105,0.13354281225452
17107,0.22063492063492
17121,0.09263392857142999
17125,0.07123775601069
17127,0.10204081632653
17109,0.19429778247096
17135,0.10081743869210001
17137,0.14684722809987
17139,0.25303867403315
17141,0.11617647058824
17145,0.16189111747851
17149,0.14502369668245998
17151,0.0063025210084
17153,0.06947368421053
17155,0.11407766990291002
17157,0.13656583629893
17159,0.10361681329422999
17165,0.064
17169,0.04655870445344
17171,0.09615384615385002
17173,0.11917443408788002
17177,0.10278909432779999
17181,0.12758906379453
17185,0.07494646680941999
17187,0.11594202898551001
17189,0.15646940822467
17191,0.15145631067961
17193,0.17917917917918
17195,0.14711077466566
18001,0.07272727272727
18009,0.18875927889714003
18017,0.15183867141163002
18023,0.10459035444508999
18025,0.12876052948255
18027,0.11129032258065
18031,0.15366430260047
18033,0.16644414775256
18037,0.18796198521646998
18041,0.08121512709237
18045,0.13388734995383
18049,0.20879120879121
18051,0.12767857142857
18053,0.07930496769882
18055,0.21818181818182
18065,0.13826086956522002
18069,0.23203963666391
18071,0.12063953488371999
18075,0.07909090909091
18077,0.14312267657993
18079,0.10005078720163
18083,0.18715440238196998
18085,0.13726352837659
18087,0.09078014184397001
18093,0.18281335522714998
18099,0.11088790678988
18101,0.09919028340080999
18103,0.26211100417068
18107,0.13842794759825
18113,0.17027119807758
18117,0.06566455696203
18123,0.16051136363635998
18125,0.06801736613603
18131,0.10907003444317
18135,0.1225
18137,0.1464552238806
18139,0.06464646464646
18143,0.18251928020566002
18147,0.12311406155703
18149,0.11890447561789999
18151,0.08988256549232
18155,0.2
18159,0.21998247151620998
18169,0.13772455089820002
18177,0.13813104189044
18179,0.21276595744681
18181,0.08036677454152999
20001,0.07042253521127001
20003,0.04609929078014
20005,0.20183486238532
20007,0.05574912891986
20009,0.14036222509701998
20011,0.13921360255048001
20013,0.1169757489301
20017,0.14814814814815
20019,0.13620071684588
20021,0.16998341625207
20023,0.06422018348623999
20025,0.04046242774566
20027,0.18494623655914
20029,0.24067796610169
20031,0.25222929936306
20033,0.10101010101010001
20035,0.19484978540773001
20037,0.16834170854271
20039,0.16379310344828
20041,0.26230425055927997
20047,0.01550387596899
20049,0.02
20051,0.23898071625344
20053,0.16497461928934
20055,0.12828282828283
20057,0.14994606256742002
20059,0.12432106216053
20063,0.11333333333333001
20065,0.016304347826090002
20067,0.06949806949807
20069,0.0532319391635
20071,0.046875
20073,0.07471264367816
20075,0.04878048780487999
20077,0.17369727047146
20081,0.25
20083,0.0
20089,0.060869565217389995
20093,0.06622516556291
20095,0.14535901926445002
20097,0.03623188405797
20099,0.10968294772921999
20101,0.03603603603604
20105,0.08085106382978999
20109,0.17791411042945002
20111,0.16332547169811
20115,0.07593307593308
20117,0.09640287769783999
20113,0.16099930603747
20119,0.18617021276596
20123,0.13768115942029002
20125,0.14736842105263
20127,0.24031007751938
20129,0.31515151515152
20131,0.15827338129496
20133,0.09454949944383001
20135,0.014851485148509999
20137,0.01587301587302
20141,0.023809523809520002
20143,0.12064343163539
20145,0.08514492753623
20147,0.14357682619647
20151,0.0916179337232
20153,0.07103825136612
20155,0.19205298013245
20157,0.15882352941176
20159,0.22444889779559002
20163,0.09593023255814
20165,0.07142857142857001
20167,0.10816777041942999
20169,0.21479336667544
20171,0.18378378378378
20175,0.08133086876155
20179,0.08771929824560999
20181,0.1
20183,0.09180327868852001
20185,0.08474576271186
20187,0.0
20189,0.06698564593301
20193,0.07843137254902001
20195,0.028925619834710002
20199,0.11666666666667
20201,0.0864553314121
20203,0.32773109243696996
20205,0.055445544554460005
20207,0.15725806451613
21001,0.21014492753623001
21005,0.09491525423728998
21007,0.19264705882353
21009,0.18358426420593002
21011,0.06557377049180001
21013,0.10151802656546001
21021,0.15939153439153
21025,0.02777777777778
21027,0.13539651837524
21033,0.1976401179941
21035,0.1841046277666
21039,0.17482517482517002
21041,0.23748211731044003
21045,0.20158102766798
21051,0.20198265179678002
21053,0.11568938193344001
21055,0.14869281045751997
21057,0.12559241706161
21063,0.12094395280236
21065,0.27134146341463
21069,0.19670200235571
21071,0.09293948126801
21073,0.12754946727549
21075,0.23340040241448998
21079,0.10347903657449001
21083,0.10710441334769
21085,0.12131715771231
21087,0.18681318681319
21095,0.10907811400421999
21097,0.15513626834382002
21099,0.17348608837970997
21105,0.17026378896882002
21107,0.136511375948
21109,0.013761467889910001
21115,0.057319223985890004
21119,0.00829875518672
21121,0.17965367965367998
21125,0.14759689922481
21127,0.16448598130841
21129,0.015267175572520001
21131,0.06698564593301
21133,0.035919540229889996
21135,0.11303191489362
21137,0.11637931034483001
21139,0.06691449814125999
21141,0.18115412710007
21143,0.07411630558723
21151,0.25145666423889
21153,0.24671052631579002
21155,0.21677662582469
21157,0.19717064544651003
21159,0.09065155807365
21161,0.20880361173815
21145,0.13450570342205
21147,0.19161105815062002
21165,0.04166666666667
21167,0.16182873730044
21169,0.0952380952381
21171,0.23380726698262
21173,0.20405797101448997
21175,0.14224137931033998
21177,0.13960113960114
21179,0.14925834363412
21181,0.19505494505495
21183,0.19451697127937
21187,0.13629402756508
21189,0.17605633802817003
21193,0.10279001468429
21195,0.13070463672873
21197,0.25396825396825
21199,0.1397616468039
21201,0.07142857142857001
21203,0.060209424083769995
21205,0.10732538330494
21207,0.10807974816369001
21213,0.1769019248396
21217,0.13770250368189002
21219,0.14537444933921
21223,0.17001545595054002
21225,0.16916488222698
21229,0.13935969868173
21231,0.049312853678249995
21233,0.1985401459854
21235,0.16850393700787
21237,0.18181818181818002
22003,0.26808176100629
22009,0.17448151487827
22011,0.27904761904762
22013,0.12870012870013
22021,0.09355509355509
22025,0.08672086720867
22027,0.12121212121212
22029,0.23462414578588
22035,0.12371134020619
22039,0.09792027729636
22041,0.12455516014235
22049,0.13565891472868
22053,0.21984078383344002
22059,0.16164383561644
22061,0.23000451875282002
22065,0.23168316831682997
22069,0.12822014051522
22081,0.11933174224344001
22083,0.13751507840771998
22085,0.10072416063199001
22097,0.10981697171381001
22101,0.07615894039735001
22107,0.18064516129032002
22115,0.49675495527101005
22117,0.16595465001643
22119,0.14241348713398
22123,0.2247191011236
22127,0.13953488372093
25007,0.023630504833509997
25019,0.10483870967742
24011,0.15923282783229
24019,0.18537735849057
24023,0.12968441814596002
24029,0.07900355871886
24041,0.10896034967217999
23003,0.12229862475442
23007,0.11924610366075
23009,0.08061336254107
23011,0.13818031601776
23013,0.06196799455226001
23015,0.11858190709046
23017,0.11281512605041999
23021,0.10926773455378
23025,0.12107831745294001
23027,0.13652802893309
23029,0.11686143572621001
26001,0.07773584905660001
26003,0.1055753262159
26005,0.0828414410747
26007,0.16203522504892
26009,0.07534930139721001
26011,0.16066945606695002
26013,0.13636363636364
26015,0.13889595522768
26019,0.13555144793592
26023,0.08185840707964999
26029,0.11163032191069999
26031,0.07811825636599
26033,0.17109050207867
26035,0.09336419753086
26039,0.16041666666667
26041,0.12126085558057001
26043,0.15752828546562
26047,0.09457700650759
26051,0.08657407407407
26053,0.0789644012945
26055,0.14174479580486
26057,0.15444810543657
26059,0.11977004152028
26061,0.15198927134555
26063,0.09265890778872
26069,0.11810261374637
26071,0.08043875685558001
26073,0.16210807204803
26079,0.12310866574966
26083,0.06060606060606
26085,0.03724928366762
26089,0.10114503816794
26091,0.12317035191529001
26095,0.049808429118769995
26097,0.12050534499514
26101,0.09301290609702001
26103,0.1160809371672
26105,0.09433126660761999
26107,0.15320910973085
26109,0.12771864877372
26113,0.10239852398524
26119,0.08124373119358
26123,0.12995896032832
26127,0.08441558441558
26129,0.10678531701890999
26131,0.08333333333333001
26133,0.09589041095889998
26135,0.12734584450402
26137,0.12734652460680002
26141,0.06780923994039
26143,0.047250193648330004
26151,0.11134980307912999
26153,0.09090909090909001
26149,0.11497730711044
26157,0.10917923804653998
26159,0.13916971391697
26165,0.17141812865497
27001,0.06769936890419
27005,0.12030075187969999
27007,0.17346208869814
27011,0.08310991957105
27015,0.16152330925804
27021,0.09100491918482
27023,0.10704960835509
27029,0.09746328437917
27031,0.08031088082902
27033,0.16069057104914003
27035,0.11728865194211999
27041,0.10204885736801
27043,0.08792372881355999
27047,0.09255079006772
27049,0.14298271315558
27051,0.08883248730964
27057,0.0782038345106
27061,0.06640522875817
27063,0.15931721194879
27065,0.09955089820358999
27067,0.08382229673093
27069,0.10921501706485001
27071,0.07777777777778
27073,0.08869179600886999
27077,0.15116279069767002
27081,0.11611374407583
27083,0.15543644716692
27087,0.06875
27089,0.08710801393727999
27091,0.13233458177277999
27085,0.15591165006496
27093,0.11460379829731
27097,0.15327257663629001
27099,0.09715177526336
27101,0.08333333333333001
27105,0.09469302809573
27107,0.10945273631841
27111,0.07489198271723
27113,0.17474633596392003
27115,0.12253521126761001
27117,0.0469387755102
27121,0.08995327102804
27125,0.15
27127,0.08080808080808001
27129,0.10103329506314998
27131,0.11036519871106
27133,0.08853118712274
27135,0.12463199214917
27143,0.053846153846150005
27147,0.13358419567262
27149,0.08264462809917
27151,0.14513274336283
27153,0.1144578313253
27155,0.08403361344538002
27159,0.03928170594837
27161,0.14748201438848998
27165,0.11692307692307999
27167,0.10644257703081
27169,0.18463041354607998
27173,0.13197969543147
29001,0.15391156462585
29005,0.14489311163895002
29007,0.09451575262544
29009,0.16091954022989002
29011,0.12184873949580001
29015,0.05340793489318
29023,0.12319063751155
29029,0.16296947067867001
29033,0.06772908366533999
29035,0.10085836909871
29039,0.1671875
29041,0.07462686567164001
29045,0.08644859813084
29055,0.12664907651715
29057,0.060830860534120006
29061,0.17206132879046002
29065,0.12571428571429
29067,0.14060963618485997
29069,0.08498583569405001
29073,0.06710158434296
29075,0.18325791855204002
29079,0.08320251177394
29081,0.16556291390728
29083,0.20584387265591
29085,0.0460021905805
29087,0.12718204488778
29091,0.13033919597989999
29093,0.12222222222222
29101,0.41017009213323996
29103,0.11295681063122999
29105,0.22261035249285002
29109,0.18545329196829002
29111,0.11375
29115,0.060160427807489994
29117,0.09561304836895
29121,0.18121911037891
29123,0.13619744058501
29125,0.15198237885463
29127,0.16584645669291
29119,0.13277742142399
29129,0.026086956521740003
29131,0.13543156890796001
29133,0.21178120617111
29137,0.14051841746248
29139,0.08384458077710001
29141,0.10268948655257001
29143,0.10313531353135001
29147,0.11554192229039001
29149,0.08404255319149001
29153,0.09535759096612
29155,0.10490307867731
29157,0.21853741496599
29159,0.14729458917836
29161,0.22422680412371
29163,0.10108604845447
29169,0.56027501909855
29171,0.09803921568627
29173,0.10259301014656
29175,0.16033994334278
29179,0.06181818181818
29181,0.11296296296296
29195,0.16370967741935
29197,0.025641025641029998
29199,0.04661016949153
29201,0.16325036603221
29203,0.07423580786025999
29205,0.12345679012346002
29185,0.11111111111111001
29187,0.14907113729044
29186,0.12934220251293
29207,0.12945421741092
29209,0.07967528562838
29211,0.19032258064516
29213,0.11467154955366998
29215,0.17369631901839996
29217,0.21708463949843002
29221,0.140081799591
29223,0.07704160246533
29227,0.13008130081301
29229,0.043116490166410004
28001,0.09623149394347001
28003,0.08129619101761999
28005,0.13896848137536
28007,0.04042553191489
28009,0.12525667351129
28011,0.16171003717472
28013,0.14942528735632
28015,0.24193548387097
28017,0.058171745152350005
28019,0.19095477386935
28021,0.15929203539823
28023,0.20452310717797
28025,0.11752988047808999
28027,0.19338677354709
28037,0.10307017543860002
28039,0.1494547787043
28041,0.10886075949367
28043,0.29942965779468
28053,0.1890756302521
28055,0.51282051282051
28057,0.13692307692308
28061,0.13927576601671
28063,0.304
28065,0.26417704011064996
28067,0.14570109636469
28069,0.0
28071,0.13955874807594
28075,0.24602055208543
28077,0.19927536231884
28079,0.18429319371727998
28081,0.19581610313792003
28083,0.08620689655172
28085,0.14642262895175
28087,0.19269026139255
28091,0.08959044368601
28095,0.17842323651451997
28097,0.0970297029703
28099,0.21522921522922
28101,0.27794793261868
28103,0.09032258064516001
28105,0.32032218091698
28107,0.22685887708649
28109,0.21786090621707
28113,0.19256933542648003
28115,0.24645892351275
28117,0.18767507002801
28119,0.06140350877193
28123,0.17946505608282998
28125,0.17985611510791
28129,0.18271604938271999
28133,0.22632794457275
28135,0.28888888888888997
28139,0.09027777777778
28141,0.12316176470588
28145,0.25849731663685
28147,0.20069204152248998
28149,0.16273490603757998
28151,0.19964871194379002
28153,0.22395833333332996
28155,0.10158013544017999
28157,0.03436426116838
28159,0.11793855302279
28161,0.04259634888437999
30001,0.20759837177748003
30003,0.22948539638386997
30005,0.16820276497695996
30007,0.18463810930576
30011,0.15068493150685
30015,0.25587467362924
30017,0.24864864864864997
30019,0.1953125
30021,0.21906116642958998
30023,0.07780612244898
30025,0.15841584158416
30027,0.08685162846803
30029,0.14986843610571
30031,0.30123339658444
30033,0.05405405405405
30035,0.26395939086294
30037,0.05555555555556
30039,0.03674540682415
30041,0.14257228315054998
30043,0.11671924290221
30045,0.034883720930230004
30047,0.16999592335914998
30049,0.29334377447141996
30051,0.20967741935484
30053,0.06934460887949
30057,0.10659340659341
30055,0.02777777777778
30059,0.0
30061,0.06509945750452
30065,0.18918918918919
30067,0.14040114613181
30069,0.0
30071,0.23931623931624
30073,0.24394785847300002
30075,0.07563025210084
30077,0.21843434343433998
30079,0.0059880239521
30081,0.13000226090889
30083,0.16190476190476
30085,0.18873668188737
30087,0.14193548387097
30089,0.05712109672506
30091,0.20325203252033
30093,0.15857725083364
30097,0.15743440233235997
30099,0.11670020120724
30101,0.18568232662192002
30103,0.032786885245900003
30105,0.17448405253282998
30107,0.0
30109,0.15957446808510997
37005,0.05263157894737001
37009,0.08060109289617
37011,0.12455934195065
37013,0.10036801605888
37015,0.0787610619469
37017,0.17219152854512
37031,0.20688785164627
37033,0.12780898876403998
37039,0.08404255319149001
37041,0.12701421800947998
37043,0.0242013552759
37045,0.13219722038385
37047,0.16789718348373
37055,0.13105326876513002
37061,0.13513513513514
37075,0.13449023861171003
37079,0.10958904109588999
37083,0.12550907071455
37091,0.1608832807571
37095,0.0
37099,0.13817480719794
37105,0.22859270290395003
37107,0.15764482431149
37113,0.11023622047244
37117,0.13945086705201998
37111,0.14584096738732
37121,0.11520190023753
37123,0.09634551495016999
37125,0.22915935928914002
37131,0.15068493150685
37139,0.30748225013653996
37143,0.10360029390153999
37149,0.06567933032840001
37153,0.11061768268066
37155,0.17240871613663
37161,0.10423293369219
37163,0.08987119437939
37165,0.17598908594815998
37167,0.16023166023166
37171,0.11789363374378
37173,0.18075422626788
37175,0.10269310446878
37177,0.18266253869968999
37181,0.10421491431218
37185,0.13056603773585002
37187,0.07043756670224001
37189,0.14322438486963
37193,0.12508934953538
37195,0.23318385650224
37199,0.12235294117647
38001,0.08823529411764999
38003,0.23600000000000002
38005,0.15909090909091
38007,0.05882352941176
38009,0.19589552238806
38011,0.18719211822659998
38013,0.11650485436892999
38019,0.0703125
38021,0.13888888888889
38023,0.03783783783784
38025,0.14626865671642
38027,0.21705426356589
38029,0.11538461538462
38031,0.085
38033,0.23809523809524
38037,0.16402116402116002
38039,0.09489051094891
38041,0.09574468085106
38043,0.07228915662650999
38045,0.10508474576271001
38047,0.02631578947368
38049,0.19839679358717002
38051,0.1551724137931
38053,0.21880064829822
38055,0.17138599105812
38057,0.15042735042735
38061,0.25704809286899
38063,0.12595419847328
38067,0.16129032258065001
38069,0.05172413793103
38071,0.06490066225166001
38073,0.0781990521327
38075,0.30622009569378006
38077,0.18040737148400002
38079,0.09475465313028998
38081,0.09920634920634999
38083,0.0
38085,0.07006369426752
38087,0.0
38089,0.29479107040641
38091,0.19148936170213
38093,0.11127487103906
38095,0.13709677419355
38097,0.15648854961832
38099,0.12300319488818
38101,0.41809079924046
38103,0.21126760563379998
38105,0.34160583941606
31001,0.17993456924755
31003,0.08906882591093
31005,0.05
31007,0.0
31009,0.18
31011,0.19892473118279996
31013,0.16255442670537
31015,0.10050251256281
31017,0.23076923076923
31019,0.18340975406419002
31021,0.12921348314607
31023,0.15992970123023
31027,0.13451327433628
31029,0.11864406779660999
31031,0.10843373493975998
31033,0.14444444444444002
31035,0.11898734177215
31037,0.09969788519637
31039,0.08445297504798
31041,0.11083437110833999
31045,0.2425952045134
31047,0.11687306501547999
31049,0.17791411042945002
31053,0.13294346978558
31057,0.18620689655172
31059,0.13414634146341
31061,0.07723577235772
31063,0.08056872037915
31065,0.10526315789474001
31067,0.13006756756757
31069,0.109375
31071,0.01169590643275
31073,0.03012048192771
31075,0.06896551724138
31077,0.06179775280899
31081,0.19230769230769001
31083,0.10526315789474001
31085,0.17741935483871
31087,0.14218009478673002
31089,0.14332247557003
31091,0.07058823529411999
31095,0.02434456928839
31097,0.19345238095238002
31099,0.2258883248731
31101,0.22712933753943
31103,0.05714285714286001
31105,0.024137931034479997
31107,0.11694152923538001
31111,0.15100037750094
31113,0.48101265822785
31115,0.05882352941176
31119,0.09902011346055001
31117,0.09677419354839001
31123,0.13621262458472
31125,0.22463768115942
31127,0.18548387096774
31129,0.08894878706199
31131,0.15502555366269
31133,0.10714285714286
31135,0.03468208092486
31137,0.17624521072797
31139,0.1078431372549
31141,0.12086179716238002
31143,0.10979228486647001
31145,0.15232722143865
31147,0.10075187969925
31149,0.0
31151,0.14481707317073
31157,0.16583822864889
31161,0.05957446808511
31163,0.06010928961748999
31165,0.0
31167,0.16010498687664002
31169,0.08235294117646999
31171,0.0
31173,0.12380952380952001
31175,0.0527950310559
31179,0.060483870967739994
31181,0.18297872340426002
31183,0.25
31185,0.14494518879415
33001,0.07577174929841
33003,0.09688667496887
33005,0.11719274680994
33007,0.17532917532918
33009,0.12158491771849
33013,0.12679203127909
33019,0.21191135734072
35003,0.34630350194553
35005,0.14401114206128
35006,0.10751978891821001
35007,0.09412780656304
35009,0.45310015898251005
35011,0.12340425531915
35015,0.1704713904536
35017,0.07906066536204
35019,0.28571428571429
35021,0.18
35023,0.21082621082621
35025,0.19372693726937
35027,0.16398546964193
35028,0.24002799160251997
35029,0.07682375726275
35031,0.19242174629324998
35033,0.11160714285714
35035,0.2994851994852
35037,0.06490872210953
35039,0.040806754221390004
35041,0.44520547945204997
35047,0.13225643614336
35051,0.016643550624129998
35053,0.03751065643649
35055,0.08254089007227
35059,0.07164179104478
32001,0.25272610647851
32005,0.14299030574198002
32007,0.2537793502734
32009,0.08461538461538
32011,0.13559322033898
32013,0.19153031761308997
32015,0.16581632653061
32017,0.046153846153849994
32019,0.15518088066787
32021,0.07654723127035999
32023,0.07264665757161999
32027,0.09401709401708999
32033,0.08050847457627
36003,0.10828025477707
36009,0.12984822934233
36011,0.13475447278264
36013,0.11007168023326
36017,0.10420841683366999
36019,0.16509190860676998
36021,0.09358490566038001
36023,0.17154207295051999
36025,0.07671561282589
36031,0.09201324990799001
36033,0.14048291000314
36035,0.17120146744114997
36037,0.13813581203201997
36039,0.08571428571428999
36041,0.020316027088040003
36049,0.17088607594937
36057,0.09340463458111
36077,0.11694747274529
36097,0.10916179337232002
36099,0.15449556775011
36089,0.15904283447910997
36101,0.14818523153942
36105,0.1379623326526
36121,0.11416241663396999
39001,0.10482062780269001
39005,0.16143770941212
39007,0.13193800503378
39009,0.14697586963334
39011,0.17134192570129
39021,0.13525498891353
39027,0.15943458251151002
39029,0.14635328325660002
39031,0.09517601043025
39033,0.13888888888889
39037,0.15618601930389003
39039,0.17966516945692002
39043,0.17035398230088
39047,0.15666666666667
39053,0.05476923076923001
39059,0.13368455712875
39063,0.14692044482464
39065,0.07038976148924
39067,0.07319304666057001
39069,0.08333333333333001
39071,0.07773744706594
39075,0.08658854166666999
39077,0.10631697687535001
39079,0.13229571984436
39083,0.13422666363843
39091,0.15203145478375002
39101,0.11952687279519
39105,0.13614457831325
39107,0.08030506953791
39111,0.10307017543860002
39115,0.16582406471182998
39119,0.20311688311688003
39121,0.06740837696335
39125,0.09148264984227
39131,0.09485771342986
39135,0.10413971539457001
39137,0.16754850088183
39141,0.13740588637919
39143,0.11533454829471002
39145,0.12362749084994
39147,0.17504862461795
39149,0.15726902173913
39157,0.14817343803345998
39161,0.14762198888203001
39163,0.02753441802253
39167,0.1715216948462
39169,0.10436060754532
39171,0.16133108677338
39175,0.08127208480565
40001,0.05599369085174
40003,0.14177693761815
40005,0.17222222222222
40007,0.05235602094241001
40009,0.24667258207631
40011,0.16880341880342004
40013,0.1366644606221
40015,0.16177255739455
40019,0.22884841363102001
40021,0.17068864037669
40023,0.13247011952191
40025,0.14788732394366
40029,0.08498583569405001
40035,0.14352941176470999
40039,0.12791472351765
40041,0.09427609427609
40043,0.09777777777777999
40045,0.17777777777778
40049,0.16874660879002
40053,0.19948849104858998
40055,0.24565217391304
40057,0.24657534246575002
40059,0.08080808080808001
40061,0.14506172839506
40063,0.16685584562997
40065,0.35606661379857
40067,0.18947368421052999
40069,0.14032869785082
40071,0.17260039874679997
40073,0.10949868073879
40075,0.07111111111111
40077,0.09371781668383
40079,0.14308093994778
40085,0.16695059625213002
40093,0.11421911421910999
40095,0.09971098265896
40097,0.17176173967854
40089,0.13627906976744
40091,0.06137566137566
40099,0.14285714285714002
40101,0.17343251859724
40103,0.25102880658436
40105,0.15700483091787
40107,0.14088397790055
40115,0.12956204379562
40119,0.22166387493021
40121,0.16521305756292
40123,0.16794258373206
40125,0.23864874682165
40127,0.08486707566461998
40129,0.22695035460993
40133,0.13469601677148998
40137,0.17201257861635
40139,0.11413043478261
40141,0.19874476987448
40147,0.17391304347826
40149,0.12609970674487
40151,0.18181818181818002
40153,0.26155115511551
41001,0.18009478672985996
41007,0.17057142857142998
41011,0.14173228346457
41013,0.17018779342723
41015,0.09451732256979
41019,0.11693647793574
41021,0.031746031746029996
41023,0.05241935483871
41025,0.14174252275683
41027,0.19756309834639002
41031,0.11073825503356001
41035,0.20679554774457998
41037,0.059681697612730004
41041,0.09207828518173
41045,0.11087645195354
41049,0.04083885209713
41055,0.06741573033708001
41057,0.09202714164546
41059,0.17639155470249998
41061,0.19493177387914
41063,0.11386138613861001
41065,0.1538784067086
41069,0.04819277108434
42009,0.10225955967554999
42015,0.17620509117169
42023,0.03890160183066
42031,0.11974944731024001
42033,0.12088452088452001
42035,0.16614853195164
42039,0.10414240558975
42047,0.15358931552588
42053,0.029209621993130003
42057,0.12990654205607
42059,0.13171839515519002
42061,0.12546548266972
42063,0.13403643336529
42065,0.15165876777251003
42067,0.11528662420382
42073,0.12176535958088999
42083,0.12434108527132001
42087,0.10913705583756
42097,0.1205868867492
42105,0.10068965517241
42107,0.13417934123355002
42109,0.13402998636983
42111,0.13528305113734
42113,0.12792511700468
42115,0.11799410029499
42117,0.11792193512919
42119,0.14117199391172
42121,0.10056116722783
42123,0.10866648779178999
42127,0.13642443156487
45001,0.12892880051315
45005,0.048148148148149994
45009,0.0446549391069
45011,0.06403508771930001
45021,0.14521657837333
45025,0.13393590797042
45029,0.07414307004471
45033,0.26538222498446
45043,0.09905565601768
45047,0.17083133109082002
45049,0.20887096774193997
45061,0.1515812431843
45067,0.11527208894089999
45069,0.17440318302386998
45065,0.10225140712946001
45071,0.1528509822712
45073,0.16021573604060999
45075,0.07814921408014
45087,0.20023350846467997
45089,0.17549857549858
46003,0.09142857142857
46005,0.11463414634146
46007,0.10588235294118001
46009,0.09623430962342999
46011,0.31131498470948
46013,0.20519348268839002
46015,0.19902912621358998
46017,0.08
46019,0.19487750556793001
46021,0.0
46023,0.21880650994575002
46025,0.08620689655172
46027,0.27195467422096
46029,0.20785525154457
46031,0.15537848605578
46033,0.17343485617597
46035,0.26676829268293
46037,0.14371257485029998
46039,0.26578073089701
46041,0.16019417475727998
46043,0.11640211640211999
46045,0.12669683257919
46047,0.05147058823529001
46049,0.06422018348623999
46051,0.15835140997831
46053,0.08849557522124
46055,0.1340206185567
46057,0.19142857142857
46059,0.056497175141239996
46061,0.24786324786325
46063,0.06493506493505999
46065,0.20531622364803
46067,0.17494600431965002
46069,0.25862068965517004
46071,0.07407407407407
46073,0.16666666666667002
46075,0.19512195121951004
46077,0.09815950920245
46079,0.08023952095808
46081,0.11328298533985
46085,0.09230769230769001
46091,0.22887323943662
46089,0.09638554216867
46095,0.04054054054054
46097,0.09009009009009
46101,0.06843267108168001
46102,0.15212981744422
46105,0.028112449799200002
46107,0.14754098360656
46109,0.08934707903780001
46111,0.05882352941176
46115,0.14414414414414
46117,0.0
46119,0.2093023255814
46121,0.07079646017699
46123,0.03755868544601
46129,0.20967741935484
46135,0.14118954974985998
46137,0.30379746835443
47003,0.12143102855177
47005,0.08957528957528998
47007,0.12910052910053
47017,0.29018338727077003
47025,0.21183306920232
47027,0.25
47029,0.10028348688873001
47031,0.17480352464873
47035,0.12704089566164
47039,0.05135951661630999
47041,0.09160305343511001
47045,0.10619023653749
47049,0.1792673421668
47051,0.13514366908746
47055,0.09428129829985
47059,0.15941499085923
47061,0.13677811550152
47067,0.14728682170543
47069,0.16390179163902
47071,0.15780911062907002
47075,0.12192513368984
47077,0.13163064833006
47079,0.16364927227547
47081,0.26205128205128
47083,0.21921515561569999
47085,0.17370572207084
47087,0.11586901763224
47091,0.18252933507170999
47095,0.08571428571428999
47097,0.1732223903177
47099,0.21380345086272
47101,0.11275167785235
47103,0.17430795847751002
47117,0.15417789757412
47107,0.11226252158894999
47109,0.06894197952218
47121,0.13175230566535
47123,0.1603229527105
47127,0.24456521739129997
47131,0.14988687782805
47133,0.13496932515336998
47135,0.23660714285714002
47137,0.22849462365591
47141,0.18310523831995998
47143,0.18075117370892002
47151,0.1927453769559
47155,0.10131071703932
47175,0.02827763496144
47177,0.13877207737595001
47181,0.28253968253968
47183,0.20308844174076002
47185,0.13600833767586998
48001,0.16028649049148
48003,0.42433234421365
48005,0.2266061452514
48007,0.15700082850041
48017,0.00803212851406
48023,0.0
48025,0.24560632688928
48031,0.21834061135371
48033,0.11764705882353
48035,0.14607679465776
48043,0.14264705882353002
48045,0.10185185185185
48047,0.12
48049,0.16222760290557
48053,0.12646253422952
48057,0.10284810126582
48063,0.12839506172839998
48067,0.15233506300964
48069,0.03678929765886
48073,0.10194850382742
48075,0.26073619631902
48079,0.23913043478260998
48081,0.06532663316583
48083,0.04197901049475
48087,0.029585798816570003
48089,0.060878243512970005
48093,0.06490649064906
48095,0.14423076923077
48097,0.16917446116307003
48101,0.25581395348837
48103,0.41145833333333
48105,0.0
48109,0.20212765957447
48111,0.14600550964187
48115,0.2700296735905
48117,0.25698324022346
48119,0.06443914081146
48123,0.17965169569203002
48125,0.0
48127,0.1078431372549
48129,0.21176470588235002
48131,0.22595078299776003
48133,0.21416938110748998
48137,0.26415094339623
48143,0.166
48147,0.13417190775681
48149,0.13085818624467
48151,0.21951219512195003
48153,0.15017064846416
48155,0.0
48159,0.28174123337364004
48161,0.09868995633188
48163,0.31746031746032
48165,0.41717791411043
48169,0.22222222222222002
48171,0.07374476987447999
48173,0.0
48177,0.15311004784689003
48179,0.16089965397924
48185,0.11099421357180002
48189,0.19800332778701998
48191,0.04861111111111
48193,0.16745655608215
48195,0.11848341232227001
48197,0.21428571428571
48205,0.22088353413654999
48207,0.16117216117216002
48211,0.25
48213,0.14121166791324
48217,0.14237415477085
48219,0.16791443850267002
48221,0.16257357418307
48223,0.12166172106825
48225,0.06805074971165001
48227,0.19984012789768
48233,0.23049645390071
48237,0.19656019656020002
48239,0.15217391304348002
48241,0.17891054472764
48243,0.018604651162790004
48247,0.17073170731707
48249,0.12523599748269001
48255,0.30934343434343
48261,0.0
48263,0.0
48265,0.09638554216867
48267,0.00947867298578
48269,0.4
48271,0.29462989840348
48273,0.28417071853052
48275,0.31192660550459
48283,0.16209476309227
48277,0.1459213519662
48279,0.17311608961303
48285,0.12020033388982
48287,0.14885844748858
48289,0.04188880426504
48293,0.16150296638102
48295,0.20833333333332996
48297,0.13311688311688
48299,0.1411578112609
48301,0.0
48313,0.2384701912261
48315,0.0828025477707
48319,0.12251655629139001
48321,0.15736885928393
48323,0.24651810584957998
48307,0.12296564195297999
48311,0.06896551724138
48327,0.09677419354839001
48331,0.20076481835564003
48333,0.03890160183066
48335,0.019230769230770002
48337,0.12281926029309
48341,0.31172839506173
48343,0.20330147697654002
48345,0.19130434782609002
48347,0.16014026884863
48349,0.16132517104789001
48351,0.17159763313609
48353,0.14547677261614003
48357,0.18763796909492
48363,0.10849056603774
48365,0.1862678450034
48369,0.17647058823529002
48371,0.21321695760599
48373,0.1516867185657
48377,0.25352112676056
48379,0.11585365853659
48383,0.27826086956521995
48385,0.10819672131147999
48387,0.12244897959184001
48389,0.46458923512747996
48391,0.11764705882353
48393,0.08888888888889
48399,0.13636363636364
48403,0.13807531380753
48405,0.14741035856574
48407,0.13105134474328
48411,0.03100775193798
48413,0.4
48415,0.12090680100755999
48417,0.3
48419,0.06124234470691
48421,0.23333333333332998
48425,0.04201680672269001
48427,0.27476038338658
48429,0.1095041322314
48433,0.0
48435,0.17132867132867002
48437,0.05084745762712
48443,0.09459459459458999
48445,0.22834645669291
48447,0.03157894736842
48449,0.11527377521614
48455,0.09309895833333001
48457,0.14055299539170998
48461,0.21590909090909
48463,0.1640826873385
48465,0.33948717948718
48467,0.20644295302013002
48471,0.22939866369710002
48475,0.11411992263055999
48477,0.18653576437588
48481,0.0942265795207
48483,0.11328125
48487,0.21014492753623001
48489,0.11187607573149999
48495,0.21122112211220997
48499,0.11870936672285
48501,0.15189873417722
48503,0.1705298013245
48505,0.0
48507,0.14882506527415
49001,0.07645259938838
49007,0.061457418788410004
49009,0.0
49013,0.15886699507389002
49015,0.040307101727449994
49017,0.10459183673469
49019,0.13953488372093
49021,0.26814223512337
49025,0.09491525423728998
49027,0.16691505216095
49031,0.0
49033,0.0
49037,0.09677419354839001
49039,0.15191986644407002
49041,0.12410071942446001
49043,0.13347763347763
49047,0.23399558498896
49051,0.14033366045142
49055,0.00925925925926
51001,0.16231772831926
51005,0.09117082533589
51017,0.17962466487935996
51021,0.15193370165746
51025,0.17104276069017
51027,0.15880893300248
51029,0.14551333872272
51530,0.27511961722488
51033,0.16494450822809
51035,0.09627659574468
51037,0.13075060532688002
51580,0.17224880382775
51049,0.18671679197995
51590,0.13550600343053001
51051,0.12432432432432002
51595,0.14948453608247
51057,0.040880503144650006
51063,0.07540603248260001
51640,0.19172932330826997
51077,0.05300713557594
51081,0.22695852534562
51083,0.20355411954766
51089,0.11461619348055
51091,0.07070707070707001
51099,0.41193941193940997
51103,0.05314009661836
51105,0.15192582025678
51678,0.19795221843003
51109,0.15833077631175
51111,0.07465437788017999
51690,0.20980926430518
51117,0.09924623115577999
51119,0.0498687664042
51131,0.21706161137441002
51133,0.06292134831461
51720,0.3304347826087
51135,0.16393442622951002
51137,0.26233113415017
51139,0.15497076023392
51141,0.10284664830119
51143,0.11810074716799
51147,0.16600790513834
51159,0.23192771084337
51163,0.07850029291154
51167,0.13958990536278001
51171,0.19146413752223
51173,0.12203074056823
51181,0.11456859971711
51185,0.11445039110744999
51193,0.24604743083004002
51195,0.08618331053352
51197,0.07723214285714
50001,0.09175662414132
50003,0.06996587030717
50005,0.16106719367589
50009,0.09726962457338
50015,0.13181818181818
50017,0.15241817293600002
50019,0.14103923647932
50021,0.11709401709402001
50023,0.15889515889516
50025,0.0634526763559
50027,0.08627136752137
53001,0.14154411764706
53009,0.11838006230530002
53013,0.06361323155216
53019,0.11098130841121001
53023,0.09126984126984
53025,0.15752051048314
53027,0.12644001123911
53029,0.34626316669453
53031,0.07441737288136
53037,0.2022367194781
53039,0.15976578837307
53041,0.10415814587594001
53043,0.13381555153707
53045,0.16828104669654
53047,0.11005353955978998
53049,0.09854158454868
53051,0.0668016194332
53055,0.04935767410412
53069,0.11302681992336999
53075,0.27687140115163
55001,0.08865979381443
55003,0.1486013986014
55005,0.10570365778053001
55007,0.085
55011,0.11534154535274001
55013,0.11667723525682
55019,0.10691144708423
55023,0.09838846480068
55027,0.17008547008547
55029,0.10563380281689999
55033,0.17889368379757
55037,0.07079646017699
55041,0.023357664233580003
55043,0.14141414141414002
55047,0.07166123778502001
55051,0.08605851979346002
55053,0.20540888602704
55055,0.16526104417670998
55057,0.14675925925926
55065,0.09886714727085
55067,0.07367072389494
55071,0.12879362670713
55075,0.13833243096914
55077,0.09114583333333001
55078,0.2073732718894
55081,0.25419982316534
55085,0.08691275167785
55091,0.062240663900410005
55095,0.12791450777202001
55097,0.12509534706331
55099,0.08990670059372001
55103,0.08887043189369001
55107,0.073756432247
55111,0.14441482917373002
55113,0.07984496124031
55115,0.09450233560905
55119,0.11773940345369
55121,0.14036109493302
55123,0.08343337334933999
55125,0.06799417192812
55127,0.14811152857425
55129,0.10790884718499001
55135,0.12372802960222
55137,0.0719111969112
55141,0.12841945288754
54001,0.14195083267248002
54007,0.08591065292096
54013,0.0030959752321999996
54017,0.1048951048951
54021,0.12678936605317
54023,0.01880530973451
54025,0.13230994152047001
54031,0.18466611706512998
54033,0.16676712879245
54041,0.10745098039216
54045,0.06475259621258
54049,0.16003833253473998
54053,0.10337078651685001
54047,0.04935834155972
54055,0.10520038167939
54059,0.06723404255319
54063,0.11973575557391002
54067,0.15553121577218
54071,0.11423550087872998
54073,0.09157509157508999
54075,0.08550724637681
54083,0.15359778597785997
54085,0.13698630136986
54087,0.14913083257091
54089,0.25932835820896
54091,0.06589147286822
54093,0.08867924528302001
54095,0.11661341853035001
54097,0.17431693989071
54101,0.12251655629139001
54103,0.04
54109,0.06566347469219999
56001,0.2610752688172
56003,0.13703284258211
56005,0.27890961262554
56007,0.19539078156313003
56009,0.17833935018051003
56011,0.20809248554912999
56013,0.17189046519301002
56015,0.13171759747102
56017,0.044917257683220004
56019,0.07589880159786999
56023,0.08543833580980999
56027,0.051094890510949995
56029,0.16129032258065001
56031,0.12164073550212
56033,0.16855247756535002
56035,0.12817412333736
56037,0.19825391051291
56039,0.16316316316316
56041,0.12628624883068
56043,0.1029207232267
56045,0.12326388888888999
