FIPS,value,,,


01001,59753,,,
01003,41651,,,
01005,22772,,,
01007,34322,,,
01009,33333,,,
01011,31981,,,
01013,34551,,,
01015,38563,,,
01017,30778,,,
01019,33503,,,
01021,35780,,,
01023,33246,,,
01025,25435,,,
01027,34702,,,
01029,32083,,,
01031,61912,,,
01033,37182,,,
01035,27140,,,
01037,32908,,,
01039,29410,,,
01041,28214,,,
01043,31060,,,
01045,44555,,,
01047,32188,,,
01049,29387,,,
01051,47322,,,
01053,30430,,,
01055,35558,,,
01057,36372,,,
01059,29000,,,
01061,35725,,,
01063,28705,,,
01065,42500,,,
01067,36964,,,
01069,41623,,,
01071,29413,,,
01073,39782,,,
01075,28200,,,
01077,41827,,,
01079,36042,,,
01081,46877,,,
01083,45313,,,
01085,34250,,,
01087,33849,,,
01089,61878,,,
01091,30843,,,
01093,31515,,,
01095,35257,,,
01097,37001,,,
01099,39737,,,
01101,45604,,,
01103,38825,,,
01105,21333,,,
01107,29503,,,
01109,35824,,,
01111,29261,,,
01113,43216,,,
01115,35942,,,
01117,49196,,,
01119,26648,,,
01121,35271,,,
01123,36278,,,
01125,38558,,,
01127,31681,,,
01129,29506,,,
01131,31287,,,
01133,32235,,,

02010,,,,
02013,53889,,,
02016,82250,,,
02020,57857,,,
02050,24783,,,
02060,57500,,,
02068,47143,,,
02070,48875,,,
02090,54933,,,
02100,43750,,,
02105,38333,,,
02110,64292,,,
02122,44463,,,
02130,48160,,,
02150,54853,,,
02158,19583,,,
02164,38125,,,
02170,53195,,,
02180,38750,,,
02185,85875,,,
02188,54583,,,
02195,30333,,,
02198,35417,,,
02201,,,,
02220,49858,,,
02230,51875,,,
02232,,,,
02240,40451,,,
02261,64332,,,
02275,30500,,,
02280,,,,
02282,49688,,,
02290,31058,,,

04001,32912,,,
04003,47244,,,
04005,40317,,,
04007,30721,,,
04009,35194,,,
04011,34500,,,
04012,25616,,,
04013,42751,,,
04015,31930,,,
04017,34697,,,
04019,42134,,,
04021,38906,,,
04023,35035,,,
04025,36577,,,
04027,41909,,,

05001,30625,,,
05003,42704,,,
05005,30861,,,
05007,38906,,,
05009,32003,,,
05011,42511,,,
05013,31484,,,
05015,31143,,,
05017,32278,,,
05019,32274,,,
05021,30979,,,
05023,32184,,,
05025,31250,,,
05027,23875,,,
05029,33117,,,
05031,38044,,,
05033,34723,,,
05035,36067,,,
05037,34076,,,
05039,26500,,,
05041,23629,,,
05043,37386,,,
05045,40591,,,
05047,26369,,,
05049,30167,,,
05051,36113,,,
05053,27148,,,
05055,33306,,,
05057,26486,,,
05059,39821,,,
05061,30182,,,
05063,30484,,,
05065,32520,,,
05067,33984,,,
05069,34024,,,
05071,28208,,,
05073,26895,,,
05075,28217,,,
05077,37054,,,
05079,22014,,,
05081,33275,,,
05083,23828,,,
05085,44778,,,
05087,36786,,,
05089,31531,,,
05091,31061,,,
05093,36324,,,
05095,26875,,,
05097,29046,,,
05099,23880,,,
05101,22866,,,
05103,33218,,,
05105,31523,,,
05107,23942,,,
05109,27685,,,
05111,30456,,,
05113,29220,,,
05115,35914,,,
05117,27917,,,
05119,41171,,,
05121,24063,,,
05123,33519,,,
05125,40286,,,
05127,19877,,,
05129,25550,,,
05131,35123,,,
05133,36293,,,
05135,25735,,,
05137,35475,,,
05139,34400,,,
05141,30643,,,
05143,35354,,,
05145,36419,,,
05147,31346,,,
05149,34867,,,

06001,51850,,,
06003,32070,,,
06005,46373,,,
06007,31875,,,
06009,37094,,,
06011,36944,,,
06013,57236,,,
06015,33676,,,
06017,48114,,,
06019,42180,,,
06021,29250,,,
06023,37977,,,
06025,36438,,,
06027,32487,,,
06029,43588,,,
06031,49141,,,
06033,33960,,,
06035,43955,,,
06037,43564,,,
06039,40611,,,
06041,61589,,,
06043,35417,,,
06045,39226,,,
06047,41254,,,
06049,31514,,,
06051,48813,,,
06053,51271,,,
06055,52092,,,
06057,41375,,,
06059,50132,,,
06061,53102,,,
06063,40031,,,
06065,46262,,,
06067,47485,,,
06069,58533,,,
06071,42584,,,
06073,53121,,,
06075,47079,,,
06077,42864,,,
06079,51178,,,
06081,56702,,,
06083,47946,,,
06085,54164,,,
06087,49091,,,
06089,36731,,,
06091,42778,,,
06093,30890,,,
06095,54670,,,
06097,51628,,,
06099,42576,,,
06101,47378,,,
06103,28409,,,
06105,29872,,,
06107,40623,,,
06109,41190,,,
06111,54142,,,
06113,57033,,,
06115,42400,,,

08001,45566,,,
08003,34044,,,
08005,52214,,,
08007,26408,,,
08009,27679,,,
08011,25000,,,
08013,45912,,,
08014,58180,,,
08015,33551,,,
08017,40833,,,
08019,43929,,,
08021,33601,,,
08023,26950,,,
08025,40575,,,
08027,34152,,,
08029,34079,,,
08031,44357,,,
08033,28152,,,
08035,71590,,,
08037,61939,,,
08039,61722,,,
08041,54789,,,
08043,39032,,,
08045,47577,,,
08047,44907,,,
08049,45000,,,
08051,38750,,,
08053,31500,,,
08055,27917,,,
08057,26172,,,
08059,48817,,,
08061,53438,,,
08063,31840,,,
08065,36138,,,
08067,50417,,,
08069,46529,,,
08071,34256,,,
08073,27188,,,
08075,32372,,,
08077,37734,,,
08079,38125,,,
08081,40917,,,
08083,33901,,,
08085,32204,,,
08087,36764,,,
08089,26729,,,
08091,52892,,,
08093,42864,,,
08095,38688,,,
08097,60250,,,
08099,30568,,,
08101,36387,,,
08103,27284,,,
08105,48125,,,
08107,50599,,,
08109,25530,,,
08111,45833,,,
08113,27067,,,
08115,33571,,,
08117,46528,,,
08119,50520,,,
08121,31293,,,
08123,44969,,,
08125,28000,,,

09001,51531,,,
09003,46905,,,
09005,45607,,,
09007,52268,,,
09009,44051,,,
09011,55182,,,
09013,50437,,,
09015,44577,,,

10001,46672,,,
10003,47096,,,
10005,39242,,,

11001,59480,,,

12001,38743,,,
12003,44277,,,
12005,42643,,,
12007,41411,,,
12009,42892,,,
12011,40928,,,
12013,33705,,,
12015,35659,,,
12017,32064,,,
12019,46103,,,
12021,50896,,,
12023,33526,,,
12027,30135,,,
12029,29088,,,
12031,43509,,,
12033,38889,,,
12035,37053,,,
12037,33580,,,
12039,31472,,,
12041,33488,,,
12043,30931,,,
12045,34391,,,
12047,29969,,,
12049,27825,,,
12051,30378,,,
12053,35707,,,
12055,32210,,,
12057,44008,,,
12059,23950,,,
12061,39774,,,
12063,31480,,,
12065,32371,,,
12067,33279,,,
12069,37099,,,
12071,38867,,,
12073,44463,,,
12075,27345,,,
12077,25875,,,
12079,38451,,,
12081,38614,,,
12083,34123,,,
12085,41685,,,
12086,39786,,,
12087,51780,,,
12089,49956,,,
12091,55926,,,
12093,30468,,,
12095,41749,,,
12097,36571,,,
12099,44983,,,
12101,36077,,,
12103,37234,,,
12105,35495,,,
12107,30742,,,
12109,50705,,,
12111,38823,,,
12113,55635,,,
12115,40067,,,
12117,43418,,,
12119,42458,,,
12121,35534,,,
12123,29551,,,
12125,32446,,,
12127,35250,,,
12129,36415,,,
12131,44337,,,
12133,30286,,,

13001,34375,,,
13003,33333,,,
13005,27625,,,
13007,45265,,,
13009,39375,,,
13011,26223,,,
13013,36070,,,
13015,41226,,,
13017,29298,,,
13019,35476,,,
13021,35293,,,
13023,36587,,,
13025,25331,,,
13027,30174,,,
13029,52687,,,
13031,38160,,,
13033,38170,,,
13035,39159,,,
13037,35227,,,
13039,51065,,,
13043,26991,,,
13045,46981,,,
13047,35287,,,
13049,32955,,,
13051,45361,,,
13053,37400,,,
13055,23664,,,
13057,50906,,,
13059,40851,,,
13061,24500,,,
13063,39806,,,
13065,20000,,,
13067,48639,,,
13069,27819,,,
13071,28189,,,
13073,57630,,,
13075,41359,,,
13077,54478,,,
13079,38550,,,
13081,31497,,,
13083,28606,,,
13085,37793,,,
13087,35906,,,
13089,44229,,,
13091,30883,,,
13093,18504,,,
13095,41448,,,
13097,43647,,,
13099,24063,,,
13101,43438,,,
13103,52805,,,
13105,27129,,,
13107,31353,,,
13109,32143,,,
13111,33877,,,
13113,64430,,,
13115,36832,,,
13117,56909,,,
13119,31400,,,
13121,46622,,,
13123,35827,,,
13125,42308,,,
13127,45173,,,
13129,35244,,,
13131,35877,,,
13133,50385,,,
13135,49353,,,
13137,37964,,,
13139,46105,,,
13141,26905,,,
13143,34310,,,
13145,54588,,,
13147,36417,,,
13149,35122,,,
13151,50941,,,
13153,56690,,,
13155,31964,,,
13157,41303,,,
13159,30446,,,
13161,24519,,,
13163,31887,,,
13165,23750,,,
13167,22750,,,
13169,36745,,,
13171,40795,,,
13173,40875,,,
13175,26609,,,
13177,44813,,,
13179,42044,,,
13181,35304,,,
13183,50588,,,
13185,41969,,,
13187,31706,,,
13189,40518,,,
13191,46062,,,
13193,22256,,,
13195,36737,,,
13197,32813,,,
13199,37011,,,
13201,26513,,,
13205,32888,,,
13207,40875,,,
13209,39138,,,
13211,40804,,,
13213,25459,,,
13215,42451,,,
13217,38666,,,
13219,54427,,,
13221,39656,,,
13223,45873,,,
13225,42786,,,
13227,46479,,,
13229,32301,,,
13231,35189,,,
13233,33712,,,
13235,35625,,,
13237,45625,,,
13239,32273,,,
13241,34425,,,
13243,19963,,,
13245,38099,,,
13247,50990,,,
13249,34387,,,
13251,24816,,,
13253,34395,,,
13255,42287,,,
13257,32575,,,
13259,27083,,,
13261,32441,,,
13263,32375,,,
13265,41094,,,
13267,36838,,,
13269,32799,,,
13271,15768,,,
13273,29853,,,
13275,34083,,,
13277,34335,,,
13279,30632,,,
13281,29983,,,
13283,26082,,,
13285,41751,,,
13287,30299,,,
13289,22273,,,
13291,35389,,,
13293,32578,,,
13295,31324,,,
13297,46911,,,
13299,30129,,,
13301,31050,,,
13303,33672,,,
13305,34274,,,
13307,38594,,,
13309,46250,,,
13311,33333,,,
13313,35367,,,
13315,38789,,,
13317,38438,,,
13319,32472,,,
13321,50720,,,

15001,35129,,,
15003,52936,,,
15005,,,,
15007,43005,,,
15009,43833,,,

16001,44829,,,
16003,36989,,,
16005,37177,,,
16007,36528,,,
16009,28381,,,
16011,33361,,,
16013,43857,,,
16015,35500,,,
16017,38440,,,
16019,40157,,,
16021,27054,,,
16023,37188,,,
16025,22287,,,
16027,35258,,,
16029,37212,,,
16031,31016,,,
16033,56250,,,
16035,34082,,,
16037,20509,,,
16039,43339,,,
16041,34239,,,
16043,38750,,,
16045,33125,,,
16047,29808,,,
16049,28211,,,
16051,50774,,,
16053,37679,,,
16055,39575,,,
16057,37560,,,
16059,24985,,,
16061,28646,,,
16063,30699,,,
16065,28250,,,
16067,32347,,,
16069,43268,,,
16071,34632,,,
16073,35031,,,
16075,41793,,,
16077,36548,,,
16079,33272,,,
16081,44201,,,
16083,36803,,,
16085,34790,,,
16087,40000,,,

17001,39679,,,
17003,26504,,,
17005,43508,,,
17007,40000,,,
17009,41382,,,
17011,37415,,,
17013,39861,,,
17015,41231,,,
17017,38024,,,
17019,45193,,,
17021,36726,,,
17023,36781,,,
17025,32043,,,
17027,43781,,,
17029,38868,,,
17031,40972,,,
17033,42500,,,
17035,34563,,,
17037,45118,,,
17039,37969,,,
17041,40000,,,
17043,53086,,,
17045,38967,,,
17047,39583,,,
17049,33182,,,
17051,36250,,,
17053,36111,,,
17055,30685,,,
17057,40365,,,
17059,32917,,,
17061,36466,,,
17063,51529,,,
17065,49391,,,
17067,37237,,,
17069,45500,,,
17071,37566,,,
17073,38991,,,
17075,31625,,,
17077,36947,,,
17079,31053,,,
17081,38009,,,
17083,41329,,,
17085,42750,,,
17087,44550,,,
17089,47222,,,
17091,35818,,,
17093,48939,,,
17095,35604,,,
17097,47302,,,
17099,40604,,,
17101,39467,,,
17103,41027,,,
17105,35099,,,
17107,41369,,,
17109,36075,,,
17111,48525,,,
17113,47308,,,
17115,37808,,,
17117,37360,,,
17119,43031,,,
17121,37413,,,
17123,40507,,,
17125,32558,,,
17127,37173,,,
17129,48704,,,
17131,36818,,,
17133,47485,,,
17135,37696,,,
17137,41018,,,
17139,33458,,,
17141,39247,,,
17143,39877,,,
17145,44052,,,
17147,43533,,,
17149,37692,,,
17151,54583,,,
17153,34643,,,
17155,40074,,,
17157,38256,,,
17159,32500,,,
17161,41414,,,
17163,49723,,,
17165,33816,,,
17167,46944,,,
17169,41738,,,
17171,40000,,,
17173,31234,,,
17175,30368,,,
17177,37685,,,
17179,43657,,,
17181,34830,,,
17183,34399,,,
17185,32931,,,
17187,36917,,,
17189,42383,,,
17191,33587,,,
17193,32898,,,
17195,35145,,,
17197,48716,,,
17199,35815,,,
17201,38483,,,
17203,45361,,,

18001,41979,,,
18003,38796,,,
18005,38079,,,
18007,31591,,,
18009,33006,,,
18011,52390,,,
18013,37500,,,
18015,36770,,,
18017,35988,,,
18019,38204,,,
18021,38500,,,
18023,38519,,,
18025,31227,,,
18027,35366,,,
18029,44486,,,
18031,38516,,,
18033,36225,,,
18035,34651,,,
18037,41636,,,
18039,35459,,,
18041,34531,,,
18043,42019,,,
18045,33274,,,
18047,45777,,,
18049,31203,,,
18051,30267,,,
18053,35970,,,
18055,37002,,,
18057,54178,,,
18059,48717,,,
18061,38724,,,
18063,45907,,,
18065,34574,,,
18067,38671,,,
18069,34516,,,
18071,35557,,,
18073,49432,,,
18075,29191,,,
18077,33543,,,
18079,36109,,,
18081,46753,,,
18083,35460,,,
18085,36416,,,
18087,31580,,,
18089,39770,,,
18091,37589,,,
18093,36693,,,
18095,38137,,,
18097,38368,,,
18099,36017,,,
18101,38621,,,
18103,38283,,,
18105,46198,,,
18107,36410,,,
18109,41986,,,
18111,33050,,,
18113,33870,,,
18115,38125,,,
18117,29741,,,
18119,32365,,,
18121,29688,,,
18123,36548,,,
18125,31045,,,
18127,46992,,,
18129,40568,,,
18131,28156,,,
18133,39899,,,
18135,32925,,,
18137,35138,,,
18139,33140,,,
18141,35472,,,
18143,34977,,,
18145,41789,,,
18147,39341,,,
18149,34526,,,
18151,38613,,,
18153,38387,,,
18155,29283,,,
18157,39273,,,
18159,46855,,,
18161,26211,,,
18163,33655,,,
18165,35372,,,
18167,36740,,,
18169,39038,,,
18171,40583,,,
18173,42840,,,
18175,36098,,,
18177,31864,,,
18179,39144,,,
18181,39599,,,
18183,40021,,,

19001,37308,,,
19003,31613,,,
19005,36250,,,
19007,25609,,,
19009,32500,,,
19011,40594,,,
19013,38261,,,
19015,42659,,,
19017,47539,,,
19019,38281,,,
19021,34194,,,
19023,32552,,,
19025,31477,,,
19027,38065,,,
19029,35650,,,
19031,36765,,,
19033,36500,,,
19035,33707,,,
19037,42250,,,
19039,44063,,,
19041,35411,,,
19043,35417,,,
19045,33633,,,
19047,31164,,,
19049,51813,,,
19051,43466,,,
19053,34453,,,
19055,36825,,,
19057,37400,,,
19059,45404,,,
19061,39533,,,
19063,35486,,,
19065,27447,,,
19067,36250,,,
19069,35128,,,
19071,39063,,,
19073,30433,,,
19075,41838,,,
19077,36615,,,
19079,34815,,,
19081,38906,,,
19083,31715,,,
19085,38375,,,
19087,36083,,,
19089,38808,,,
19091,36375,,,
19093,36042,,,
19095,33636,,,
19097,40727,,,
19099,40386,,,
19101,40097,,,
19103,45104,,,
19105,31958,,,
19107,34667,,,
19109,40304,,,
19111,33234,,,
19113,41602,,,
19115,37188,,,
19117,45099,,,
19119,36429,,,
19121,39583,,,
19123,36027,,,
19125,40064,,,
19127,31563,,,
19129,44427,,,
19131,32350,,,
19133,37300,,,
19135,33417,,,
19137,34138,,,
19139,45597,,,
19141,35863,,,
19143,38507,,,
19145,37625,,,
19147,30214,,,
19149,41629,,,
19151,37143,,,
19153,41760,,,
19155,43166,,,
19157,37191,,,
19159,37768,,,
19161,31250,,,
19163,46013,,,
19165,44111,,,
19167,42256,,,
19169,41392,,,
19171,38101,,,
19173,32171,,,
19175,38988,,,
19177,29398,,,
19179,32404,,,
19181,44395,,,
19183,39244,,,
19185,28750,,,
19187,37808,,,
19189,32458,,,
19191,39276,,,
19193,38616,,,
19195,33182,,,
19197,31417,,,

20001,30306,,,
20003,27071,,,
20005,36139,,,
20007,29811,,,
20009,32468,,,
20011,34292,,,
20013,34141,,,
20015,42169,,,
20017,24141,,,
20019,26250,,,
20021,24747,,,
20023,23125,,,
20025,26458,,,
20027,44308,,,
20029,34844,,,
20031,48698,,,
20033,26397,,,
20035,35765,,,
20037,30512,,,
20039,34259,,,
20041,34543,,,
20043,39600,,,
20045,43165,,,
20047,29643,,,
20049,27917,,,
20051,37400,,,
20053,34214,,,
20055,45086,,,
20057,30901,,,
20059,34683,,,
20061,40654,,,
20063,29375,,,
20065,36765,,,
20067,40724,,,
20069,34205,,,
20071,33750,,,
20073,34803,,,
20075,50578,,,
20077,35500,,,
20079,35753,,,
20081,32500,,,
20083,42250,,,
20085,36881,,,
20087,35485,,,
20089,21932,,,
20091,52231,,,
20093,,,,
20095,51500,,,
20097,34643,,,
20099,32205,,,
20101,46250,,,
20103,54157,,,
20105,29135,,,
20107,32415,,,
20109,33173,,,
20111,35882,,,
20113,35240,,,
20115,28672,,,
20117,31373,,,
20119,40000,,,
20121,39856,,,
20123,34722,,,
20125,35131,,,
20127,37832,,,
20129,18393,,,
20131,40871,,,
20133,24438,,,
20135,32019,,,
20137,50139,,,
20139,37594,,,
20141,32266,,,
20143,34567,,,
20145,29359,,,
20147,33021,,,
20149,44799,,,
20151,32132,,,
20153,40667,,,
20155,38037,,,
20157,32460,,,
20159,38155,,,
20161,39041,,,
20163,28750,,,
20165,25577,,,
20167,34116,,,
20169,34455,,,
20171,,,,
20173,41776,,,
20175,41750,,,
20177,40333,,,
20179,34674,,,
20181,21719,,,
20183,36607,,,
20185,26786,,,
20187,42857,,,
20189,43600,,,
20191,39966,,,
20193,29457,,,
20195,37639,,,
20197,41050,,,
20199,46250,,,
20201,30469,,,
20203,21354,,,
20205,32500,,,
20207,26250,,,
20209,36708,,,

21001,27995,,,
21003,35676,,,
21005,41250,,,
21007,29100,,,
21009,32205,,,
21011,37244,,,
21013,21158,,,
21015,47090,,,
21017,32261,,,
21019,36344,,,
21021,36750,,,
21023,28235,,,
21025,24054,,,
21027,33135,,,
21029,40026,,,
21031,36250,,,
21033,36266,,,
21035,31766,,,
21037,39251,,,
21039,37697,,,
21041,26130,,,
21043,27656,,,
21045,29539,,,
21047,37668,,,
21049,40588,,,
21051,24339,,,
21053,24097,,,
21055,26639,,,
21057,31957,,,
21059,34471,,,
21061,26815,,,
21063,24537,,,
21065,29811,,,
21067,43599,,,
21069,38185,,,
21071,30132,,,
21073,39635,,,
21075,31429,,,
21077,43523,,,
21079,37283,,,
21081,32609,,,
21083,36795,,,
21085,30250,,,
21087,28070,,,
21089,37346,,,
21091,40556,,,
21093,50718,,,
21095,22346,,,
21097,36607,,,
21099,26509,,,
21101,35922,,,
21103,33608,,,
21105,40708,,,
21107,38365,,,
21109,40755,,,
21111,39181,,,
21113,39127,,,
21115,28630,,,
21117,39721,,,
21119,44398,,,
21121,24962,,,
21123,27354,,,
21125,34036,,,
21127,33083,,,
21129,29516,,,
21131,29804,,,
21133,27898,,,
21135,30429,,,
21137,26228,,,
21139,36207,,,
21141,36875,,,
21143,37744,,,
21145,31768,,,
21147,20129,,,
21149,40972,,,
21151,39579,,,
21153,22434,,,
21155,36027,,,
21157,31023,,,
21159,33056,,,
21161,27833,,,
21163,44079,,,
21165,34583,,,
21167,38901,,,
21169,20509,,,
21171,23914,,,
21173,33345,,,
21175,28365,,,
21177,30964,,,
21179,44986,,,
21181,32318,,,
21183,35978,,,
21185,55714,,,
21187,49000,,,
21189,49853,,,
21191,36250,,,
21193,25135,,,
21195,30484,,,
21197,35333,,,
21199,27695,,,
21201,,,,
21203,27670,,,
21205,34625,,,
21207,26563,,,
21209,49109,,,
21211,43921,,,
21213,41094,,,
21215,49000,,,
21217,33532,,,
21219,34653,,,
21221,34024,,,
21223,32850,,,
21225,39306,,,
21227,37919,,,
21229,36357,,,
21231,32791,,,
21233,36935,,,
21235,23070,,,
21237,37563,,,
21239,42041,,,

22001,30837,,,
22003,27288,,,
22005,57339,,,
22007,34223,,,
22009,32094,,,
22011,40328,,,
22013,31413,,,
22015,47664,,,
22017,36580,,,
22019,38830,,,
22021,26063,,,
22023,46944,,,
22025,44464,,,
22027,31442,,,
22029,24799,,,
22031,36122,,,
22033,43879,,,
22035,17179,,,
22037,32522,,,
22039,29905,,,
22041,30849,,,
22043,30484,,,
22045,33388,,,
22047,40893,,,
22049,33095,,,
22051,37155,,,
22053,31306,,,
22055,44520,,,
22057,36674,,,
22059,31250,,,
22061,30414,,,
22063,40607,,,
22065,26960,,,
22067,31806,,,
22069,40066,,,
22071,35349,,,
22073,31650,,,
22075,46597,,,
22077,32917,,,
22079,38156,,,
22081,23079,,,
22083,27409,,,
22085,33879,,,
22087,38750,,,
22089,49637,,,
22091,21064,,,
22093,38750,,,
22095,36064,,,
22097,31437,,,
22099,33355,,,
22101,33369,,,
22103,45653,,,
22105,41149,,,
22107,21964,,,
22109,35393,,,
22111,33207,,,
22113,34005,,,
22115,41861,,,
22117,30735,,,
22119,25920,,,
22121,35948,,,
22123,30861,,,
22125,57201,,,
22127,26319,,,

23001,38629,,,
23003,31846,,,
23005,42658,,,
23007,32438,,,
23009,41052,,,
23011,38861,,,
23013,42243,,,
23015,43667,,,
23017,33293,,,
23019,36274,,,
23021,31210,,,
23023,44609,,,
23025,31297,,,
23027,37162,,,
23029,35911,,,
23031,42832,,,

24001,32662,,,
24003,71109,,,
24005,46697,,,
24009,77484,,,
24011,35762,,,
24013,59384,,,
24015,49524,,,
24017,75708,,,
24019,34684,,,
24021,62099,,,
24023,34987,,,
24025,60386,,,
24027,79818,,,
24029,39907,,,
24031,76268,,,
24033,62049,,,
24035,61885,,,
24037,78385,,,
24039,29276,,,
24041,54123,,,
24043,42576,,,
24045,36243,,,
24047,41097,,,
24510,32700,,,

25001,48216,,,
25003,40892,,,
25005,40510,,,
25007,39358,,,
25009,44712,,,
25011,38327,,,
25013,39240,,,
25015,38850,,,
25017,49139,,,
25019,44455,,,
25021,52291,,,
25023,45562,,,
25025,42033,,,
25027,43522,,,

26001,33567,,,
26003,33378,,,
26005,36736,,,
26007,28214,,,
26009,38085,,,
26011,33255,,,
26013,32370,,,
26015,37221,,,
26017,36604,,,
26019,37022,,,
26021,36132,,,
26023,36107,,,
26025,35480,,,
26027,33054,,,
26029,35155,,,
26031,32500,,,
26033,31911,,,
26035,32657,,,
26037,41125,,,
26039,40884,,,
26041,35808,,,
26043,41476,,,
26045,43370,,,
26047,35035,,,
26049,38373,,,
26051,35462,,,
26053,30893,,,
26055,39369,,,
26057,34006,,,
26059,33750,,,
26061,33481,,,
26063,32921,,,
26065,41175,,,
26067,35815,,,
26069,33233,,,
26071,29537,,,
26073,33871,,,
26075,35841,,,
26077,39469,,,
26079,33506,,,
26081,37811,,,
26083,40700,,,
26085,28603,,,
26087,38375,,,
26089,41124,,,
26091,37067,,,
26093,51121,,,
26095,29310,,,
26097,33796,,,
26099,43556,,,
26101,33676,,,
26103,39375,,,
26105,32724,,,
26107,33347,,,
26109,35190,,,
26111,41280,,,
26113,32355,,,
26115,42041,,,
26117,35860,,,
26119,32292,,,
26121,32304,,,
26123,32654,,,
26125,45849,,,
26127,35928,,,
26129,31391,,,
26131,30731,,,
26133,28290,,,
26135,30225,,,
26137,36308,,,
26139,40565,,,
26141,34512,,,
26143,33125,,,
26145,36306,,,
26147,38584,,,
26149,34892,,,
26151,34399,,,
26153,32159,,,
26155,36319,,,
26157,35117,,,
26159,36970,,,
26161,45253,,,
26163,37264,,,
26165,30785,,,

27001,32982,,,
27003,45484,,,
27005,39194,,,
27007,37738,,,
27009,38260,,,
27011,34896,,,
27013,39635,,,
27015,37527,,,
27017,41429,,,
27019,53384,,,
27021,35746,,,
27023,38040,,,
27025,49383,,,
27027,41875,,,
27029,33304,,,
27031,39839,,,
27033,35944,,,
27035,35051,,,
27037,48003,,,
27039,43333,,,
27041,42184,,,
27043,34133,,,
27045,38958,,,
27047,34568,,,
27049,42780,,,
27051,36667,,,
27053,45315,,,
27055,36789,,,
27057,35646,,,
27059,40000,,,
27061,40608,,,
27063,41544,,,
27065,34048,,,
27067,44269,,,
27069,43438,,,
27071,40917,,,
27073,30050,,,
27075,37697,,,
27077,25000,,,
27079,40699,,,
27081,28816,,,
27083,39684,,,
27085,41233,,,
27087,33417,,,
27089,40302,,,
27091,39408,,,
27093,38510,,,
27095,34462,,,
27097,37342,,,
27099,37042,,,
27101,33125,,,
27103,45066,,,
27105,36898,,,
27107,31852,,,
27109,43140,,,
27111,37564,,,
27113,40822,,,
27115,32014,,,
27117,38100,,,
27119,36215,,,
27121,34688,,,
27123,43926,,,
27125,34063,,,
27127,30833,,,
27129,38056,,,
27131,41996,,,
27133,31821,,,
27135,41853,,,
27137,38953,,,
27139,51200,,,
27141,50240,,,
27143,37865,,,
27145,37887,,,
27147,36103,,,
27149,45521,,,
27151,33750,,,
27153,34447,,,
27155,32898,,,
27157,35417,,,
27159,32596,,,
27161,32406,,,
27163,50582,,,
27165,41477,,,
27167,38897,,,
27169,38125,,,
27171,45601,,,
27173,41548,,,

28001,31088,,,
28003,34705,,,
28005,30321,,,
28007,27475,,,
28009,41912,,,
28011,29253,,,
28013,28563,,,
28015,47333,,,
28017,27361,,,
28019,36667,,,
28021,18657,,,
28023,40648,,,
28025,22391,,,
28027,30147,,,
28029,28023,,,
28031,45750,,,
28033,43766,,,
28035,30234,,,
28037,37632,,,
28039,33147,,,
28041,31106,,,
28043,36771,,,
28045,37660,,,
28047,41235,,,
28049,37913,,,
28051,25227,,,
28053,27000,,,
28055,,,,
28057,29443,,,
28059,39448,,,
28061,35686,,,
28063,30125,,,
28065,33869,,,
28067,29167,,,
28069,27500,,,
28071,38833,,,
28073,45341,,,
28075,34862,,,
28077,47946,,,
28079,32690,,,
28081,33442,,,
28083,22143,,,
28085,21667,,,
28087,50027,,,
28089,45513,,,
28091,22702,,,
28093,26144,,,
28095,37985,,,
28097,31071,,,
28099,29192,,,
28101,30378,,,
28103,30893,,,
28105,43077,,,
28107,33357,,,
28109,44802,,,
28111,35461,,,
28113,27126,,,
28115,29493,,,
28117,22500,,,
28119,24375,,,
28121,46447,,,
28123,37721,,,
28125,41741,,,
28127,32375,,,
28129,27167,,,
28131,42247,,,
28133,36550,,,
28135,41905,,,
28137,40295,,,
28139,23544,,,
28141,37113,,,
28143,24519,,,
28145,30215,,,
28147,32929,,,
28149,34740,,,
28151,26447,,,
28153,33712,,,
28155,36065,,,
28157,26364,,,
28159,36667,,,
28161,41181,,,
28163,36023,,,

29001,39515,,,
29003,42526,,,
29005,39500,,,
29007,31830,,,
29009,32443,,,
29011,21944,,,
29013,31761,,,
29015,30340,,,
29017,29507,,,
29019,40145,,,
29021,34566,,,
29023,35051,,,
29025,45975,,,
29027,32961,,,
29029,33881,,,
29031,36149,,,
29033,32721,,,
29035,25903,,,
29037,43211,,,
29039,26086,,,
29041,31471,,,
29043,39748,,,
29045,28264,,,
29047,42616,,,
29049,40110,,,
29051,42888,,,
29053,33922,,,
29055,30318,,,
29057,29946,,,
29059,32289,,,
29061,34199,,,
29063,41875,,,
29065,33147,,,
29067,28846,,,
29069,27950,,,
29071,36236,,,
29073,34850,,,
29075,29330,,,
29077,36088,,,
29079,32344,,,
29081,28125,,,
29083,37982,,,
29085,29858,,,
29087,38977,,,
29089,40032,,,
29091,28485,,,
29093,27973,,,
29095,40657,,,
29097,36449,,,
29099,40086,,,
29101,41322,,,
29103,29000,,,
29105,39444,,,
29107,44534,,,
29109,27583,,,
29111,31034,,,
29113,38458,,,
29115,28807,,,
29117,28362,,,
29119,24121,,,
29121,27306,,,
29123,36563,,,
29125,38133,,,
29127,36984,,,
29129,17292,,,
29131,37979,,,
29133,27054,,,
29135,37708,,,
29137,31215,,,
29139,31682,,,
29141,32463,,,
29143,37453,,,
29145,34048,,,
29147,33164,,,
29149,28333,,,
29151,29799,,,
29153,24211,,,
29155,30037,,,
29157,32149,,,
29159,34942,,,
29161,43338,,,
29163,29338,,,
29165,55052,,,
29167,33460,,,
29169,45293,,,
29171,31389,,,
29173,34160,,,
29175,29107,,,
29177,45650,,,
29179,26196,,,
29181,29583,,,
29183,48439,,,
29185,29959,,,
29186,36211,,,
29187,31898,,,
29189,42751,,,
29195,26453,,,
29197,26429,,,
29199,29826,,,
29201,30618,,,
29203,28679,,,
29205,30795,,,
29207,26781,,,
29209,37056,,,
29211,25852,,,
29213,33891,,,
29215,31304,,,
29217,26087,,,
29219,32997,,,
29221,26081,,,
29223,30147,,,
29225,34781,,,
29227,26161,,,
29229,22604,,,
29510,31763,,,

30001,30211,,,
30003,38750,,,
30005,37537,,,
30007,27546,,,
30009,38009,,,
30011,39167,,,
30013,37897,,,
30015,29276,,,
30017,35580,,,
30019,32273,,,
30021,40911,,,
30023,37583,,,
30025,41364,,,
30027,33500,,,
30029,33974,,,
30031,43917,,,
30033,38393,,,
30035,31003,,,
30037,23500,,,
30039,31338,,,
30041,35676,,,
30043,40594,,,
30045,26875,,,
30047,31018,,,
30049,46633,,,
30051,34167,,,
30053,29658,,,
30055,22813,,,
30057,32500,,,
30059,26771,,,
30061,33060,,,
30063,32390,,,
30065,32639,,,
30067,36771,,,
30069,26250,,,
30071,40745,,,
30073,26696,,,
30075,32386,,,
30077,32083,,,
30079,51328,,,
30081,32590,,,
30083,50833,,,
30085,25878,,,
30087,27768,,,
30089,32670,,,
30091,34500,,,
30093,30883,,,
30095,42656,,,
30097,28000,,,
30099,33516,,,
30101,45590,,,
30103,31250,,,
30105,40724,,,
30107,33333,,,
30109,43333,,,
30111,38379,,,

31001,38317,,,
31003,35648,,,
31005,31250,,,
31007,33375,,,
31009,28571,,,
31011,40976,,,
31013,42770,,,
31015,31172,,,
31017,34706,,,
31019,41913,,,
31021,32414,,,
31023,47564,,,
31025,52596,,,
31027,38897,,,
31029,36435,,,
31031,34531,,,
31033,39175,,,
31035,41000,,,
31037,32083,,,
31039,41354,,,
31041,38984,,,
31043,48053,,,
31045,37458,,,
31047,35667,,,
31049,28854,,,
31051,32050,,,
31053,36336,,,
31055,45033,,,
31057,27083,,,
31059,41250,,,
31061,34500,,,
31063,32269,,,
31065,36250,,,
31067,35179,,,
31069,33182,,,
31071,28672,,,
31073,37875,,,
31075,18438,,,
31077,29167,,,
31079,35076,,,
31081,39647,,,
31083,37917,,,
31085,32000,,,
31087,35625,,,
31089,46903,,,
31091,,,,
31093,39423,,,
31095,34911,,,
31097,48095,,,
31099,42857,,,
31101,36346,,,
31103,34063,,,
31105,40977,,,
31107,35515,,,
31109,46906,,,
31111,43494,,,
31113,61250,,,
31115,36250,,,
31117,40625,,,
31119,32296,,,
31121,33167,,,
31123,35096,,,
31125,34000,,,
31127,46406,,,
31129,32344,,,
31131,39356,,,
31133,32500,,,
31135,38750,,,
31137,41581,,,
31139,41111,,,
31141,43462,,,
31143,49688,,,
31145,,,,
31147,37530,,,
31149,52679,,,
31151,34514,,,
31153,60085,,,
31155,37232,,,
31157,35231,,,
31159,54000,,,
31161,35089,,,
31163,29688,,,
31165,31250,,,
31167,39213,,,
31169,29375,,,
31171,45625,,,
31173,27159,,,
31175,30357,,,
31177,43008,,,
31179,37750,,,
31181,29405,,,
31183,36667,,,
31185,52755,,,

32001,48429,,,
32003,43407,,,
32005,44735,,,
32007,49951,,,
32009,33929,,,
32011,,,,
32013,37756,,,
32015,53953,,,
32017,27243,,,
32019,38947,,,
32021,27500,,,
32023,36025,,,
32027,19693,,,
32029,55729,,,
32031,43488,,,
32033,42446,,,
32510,41980,,,

33001,37914,,,
33003,43284,,,
33005,39363,,,
33007,34706,,,
33009,39531,,,
33011,47512,,,
33013,47031,,,
33015,52610,,,
33017,47285,,,
33019,39641,,,

34001,40252,,,
34003,51150,,,
34005,53371,,,
34007,43020,,,
34009,43100,,,
34011,37236,,,
34013,43018,,,
34015,46958,,,
34017,40513,,,
34019,56341,,,
34021,45656,,,
34023,48788,,,
34025,53618,,,
34027,56257,,,
34029,46169,,,
34031,47160,,,
34033,48872,,,
34035,56638,,,
34037,51172,,,
34039,48231,,,
34041,47521,,,

35001,44775,,,
35003,26987,,,
35005,31148,,,
35006,29094,,,
35007,37289,,,
35009,35769,,,
35011,24420,,,
35013,42798,,,
35015,38278,,,
35017,31331,,,
35019,30815,,,
35021,22813,,,
35023,34821,,,
35025,45963,,,
35027,28344,,,
35028,92404,,,
35029,32483,,,
35031,24371,,,
35033,24200,,,
35035,42756,,,
35037,38029,,,
35039,35940,,,
35041,35244,,,
35043,48754,,,
35045,38455,,,
35047,30161,,,
35049,46523,,,
35051,24518,,,
35053,35680,,,
35055,33588,,,
35057,26274,,,
35059,30438,,,
35061,41044,,,

36001,45648,,,
36003,35522,,,
36005,31714,,,
36007,38761,,,
36009,36186,,,
36011,37620,,,
36013,36649,,,
36015,39792,,,
36017,33462,,,
36019,39372,,,
36021,42667,,,
36023,37665,,,
36025,30758,,,
36027,47522,,,
36029,40162,,,
36031,42072,,,
36033,32128,,,
36035,37708,,,
36037,41024,,,
36039,37580,,,
36041,29088,,,
36043,35628,,,
36045,41706,,,
36047,40104,,,
36049,34500,,,
36051,40866,,,
36053,40253,,,
36055,39730,,,
36057,32148,,,
36059,52389,,,
36061,53136,,,
36063,39781,,,
36065,39275,,,
36067,39890,,,
36069,42175,,,
36071,50405,,,
36073,33925,,,
36075,40230,,,
36077,35393,,,
36079,56991,,,
36081,42453,,,
36083,45145,,,
36085,50072,,,
36087,51410,,,
36089,34797,,,
36091,50161,,,
36093,44340,,,
36095,38386,,,
36097,38491,,,
36099,36152,,,
36101,36651,,,
36103,51304,,,
36105,37727,,,
36107,44242,,,
36109,37737,,,
36111,42089,,,
36113,41250,,,
36115,39292,,,
36117,35755,,,
36119,51928,,,
36121,40256,,,
36123,34618,,,

37001,33424,,,
37003,36192,,,
37005,35281,,,
37007,28796,,,
37009,27279,,,
37011,31094,,,
37013,39346,,,
37015,32639,,,
37017,28287,,,
37019,45397,,,
37021,35013,,,
37023,33270,,,
37025,41640,,,
37027,31010,,,
37029,48188,,,
37031,44255,,,
37033,31425,,,
37035,38489,,,
37037,49799,,,
37039,28984,,,
37041,39628,,,
37043,31619,,,
37045,31595,,,
37047,36940,,,
37049,45928,,,
37051,44829,,,
37053,55162,,,
37055,41412,,,
37057,35534,,,
37059,38275,,,
37061,32409,,,
37063,42680,,,
37065,29364,,,
37067,38416,,,
37069,40543,,,
37071,36436,,,
37073,38216,,,
37075,37227,,,
37077,38537,,,
37079,31658,,,
37081,41343,,,
37083,33707,,,
37085,48034,,,
37087,40227,,,
37089,41466,,,
37091,33065,,,
37093,42252,,,
37095,28445,,,
37097,40779,,,
37099,37230,,,
37101,45532,,,
37103,39804,,,
37105,39962,,,
37107,36672,,,
37109,37119,,,
37111,36387,,,
37113,38874,,,
37115,33915,,,
37117,22176,,,
37119,44940,,,
37121,36474,,,
37123,31250,,,
37125,45354,,,
37127,36802,,,
37129,43377,,,
37131,33205,,,
37133,43261,,,
37135,43305,,,
37137,34559,,,
37139,41187,,,
37141,48001,,,
37143,50284,,,
37145,34688,,,
37147,41651,,,
37149,31028,,,
37151,31978,,,
37153,36679,,,
37155,31592,,,
37157,34626,,,
37159,35959,,,
37161,32162,,,
37163,41142,,,
37165,33240,,,
37167,40323,,,
37169,38019,,,
37171,35044,,,
37173,26731,,,
37175,41345,,,
37177,27518,,,
37179,44987,,,
37181,32357,,,
37183,50914,,,
37185,30945,,,
37187,31368,,,
37189,39858,,,
37191,40573,,,
37193,34643,,,
37195,32556,,,
37197,35285,,,
37199,27321,,,

38001,24931,,,
38003,44352,,,
38005,34931,,,
38007,42188,,,
38009,38818,,,
38011,35000,,,
38013,48214,,,
38015,53559,,,
38017,44992,,,
38019,45000,,,
38021,44226,,,
38023,56250,,,
38025,42917,,,
38027,42969,,,
38029,52500,,,
38031,29074,,,
38033,56250,,,
38035,43389,,,
38037,37625,,,
38039,26845,,,
38041,39000,,,
38043,34500,,,
38045,41389,,,
38047,35833,,,
38049,42019,,,
38051,40250,,,
38053,60750,,,
38055,42159,,,
38057,50278,,,
38059,48697,,,
38061,53478,,,
38063,41458,,,
38065,44821,,,
38067,40074,,,
38069,38529,,,
38071,28831,,,
38073,36607,,,
38075,42206,,,
38077,41552,,,
38079,29063,,,
38081,42143,,,
38083,45714,,,
38085,30938,,,
38087,54250,,,
38089,54483,,,
38091,59688,,,
38093,36516,,,
38095,36500,,,
38097,44565,,,
38099,40217,,,
38101,49827,,,
38103,46689,,,
38105,71425,,,

39001,31807,,,
39003,36462,,,
39005,34297,,,
39007,32595,,,
39009,32396,,,
39011,39875,,,
39013,33569,,,
39015,33977,,,
39017,43891,,,
39019,36023,,,
39021,40677,,,
39023,39368,,,
39025,42093,,,
39027,38482,,,
39029,33166,,,
39031,28594,,,
39033,32332,,,
39035,35988,,,
39037,34389,,,
39039,36892,,,
39041,50846,,,
39043,40767,,,
39045,44181,,,
39047,34004,,,
39049,41694,,,
39051,43443,,,
39053,39386,,,
39055,41215,,,
39057,61038,,,
39059,30824,,,
39061,40158,,,
39063,41427,,,
39065,33717,,,
39067,32587,,,
39069,40325,,,
39071,32332,,,
39073,37939,,,
39075,28571,,,
39077,33583,,,
39079,35310,,,
39081,34762,,,
39083,39277,,,
39085,38564,,,
39087,34729,,,
39089,39477,,,
39091,42665,,,
39093,40013,,,
39095,37429,,,
39097,45370,,,
39099,35140,,,
39101,31841,,,
39103,44582,,,
39105,27452,,,
39107,38243,,,
39109,41814,,,
39111,33641,,,
39113,41558,,,
39115,34079,,,
39117,35025,,,
39119,33896,,,
39121,28438,,,
39123,37670,,,
39125,33232,,,
39127,36073,,,
39129,37815,,,
39131,32025,,,
39133,37295,,,
39135,40131,,,
39137,39366,,,
39139,36204,,,
39141,37463,,,
39143,33824,,,
39145,36482,,,
39147,35174,,,
39149,37364,,,
39151,36432,,,
39153,38213,,,
39155,33857,,,
39157,31530,,,
39159,53471,,,
39161,36296,,,
39163,28802,,,
39165,51529,,,
39167,38478,,,
39169,35908,,,
39171,34196,,,
39173,39511,,,
39175,33578,,,

40001,23257,,,
40003,28155,,,
40005,29938,,,
40007,31250,,,
40009,31445,,,
40011,33359,,,
40013,31078,,,
40015,32610,,,
40017,44992,,,
40019,38495,,,
40021,30620,,,
40023,27292,,,
40025,24063,,,
40027,49672,,,
40029,40139,,,
40031,44739,,,
40033,30741,,,
40035,30071,,,
40037,34390,,,
40039,47292,,,
40041,30359,,,
40043,35114,,,
40045,47750,,,
40047,44711,,,
40049,38518,,,
40051,41151,,,
40053,34583,,,
40055,38417,,,
40057,26118,,,
40059,19265,,,
40061,29950,,,
40063,31898,,,
40065,49853,,,
40067,26649,,,
40069,29474,,,
40071,33708,,,
40073,44654,,,
40075,29177,,,
40077,30899,,,
40079,29316,,,
40081,36821,,,
40083,48351,,,
40085,33750,,,
40087,47790,,,
40089,27105,,,
40091,32645,,,
40093,35536,,,
40095,26901,,,
40097,37750,,,
40099,32279,,,
40101,33892,,,
40103,35288,,,
40105,36129,,,
40107,30256,,,
40109,44940,,,
40111,32927,,,
40113,36600,,,
40115,27086,,,
40117,32297,,,
40119,32867,,,
40121,39455,,,
40123,39005,,,
40125,39572,,,
40127,31836,,,
40129,32083,,,
40131,42955,,,
40133,29755,,,
40135,32196,,,
40137,40064,,,
40139,38750,,,
40141,24031,,,
40143,42365,,,
40145,42179,,,
40147,42152,,,
40149,42115,,,
40151,43625,,,
40153,51181,,,

41001,39199,,,
41003,42816,,,
41005,46885,,,
41007,40867,,,
41009,48881,,,
41011,35322,,,
41013,33272,,,
41015,32759,,,
41017,41078,,,
41019,35361,,,
41021,27279,,,
41023,30313,,,
41025,27178,,,
41027,44846,,,
41029,37379,,,
41031,35120,,,
41033,33696,,,
41035,35725,,,
41037,22188,,,
41039,35432,,,
41041,30725,,,
41043,37079,,,
41045,25516,,,
41047,38649,,,
41049,39804,,,
41051,40331,,,
41053,43637,,,
41055,36731,,,
41057,36216,,,
41059,39670,,,
41061,36339,,,
41063,31761,,,
41065,35753,,,
41067,51256,,,
41069,27115,,,
41071,41039,,,

42001,44214,,,
42003,37762,,,
42005,35113,,,
42007,37885,,,
42009,32275,,,
42011,39072,,,
42013,35980,,,
42015,35219,,,
42017,46609,,,
42019,41757,,,
42021,32203,,,
42023,29038,,,
42025,38965,,,
42027,42261,,,
42029,50289,,,
42031,32274,,,
42033,31556,,,
42035,32119,,,
42037,33615,,,
42039,33423,,,
42041,48895,,,
42043,40985,,,
42045,46164,,,
42047,31864,,,
42049,37510,,,
42051,33162,,,
42053,27545,,,
42055,43806,,,
42057,34792,,,
42059,38178,,,
42061,34092,,,
42063,33503,,,
42065,33955,,,
42067,30760,,,
42069,35123,,,
42071,42112,,,
42073,31780,,,
42075,39023,,,
42077,39434,,,
42079,35256,,,
42081,34042,,,
42083,30989,,,
42085,33479,,,
42087,34551,,,
42089,40701,,,
42091,45791,,,
42093,38211,,,
42095,41517,,,
42097,35268,,,
42099,39650,,,
42101,33418,,,
42103,46278,,,
42105,31105,,,
42107,32966,,,
42109,38644,,,
42111,32486,,,
42113,32470,,,
42115,37185,,,
42117,35301,,,
42119,32401,,,
42121,33349,,,
42123,30028,,,
42125,37543,,,
42127,37912,,,
42129,36095,,,
42131,40429,,,
42133,43312,,,

44001,44360,,,
44003,44453,,,
44005,51078,,,
44007,34311,,,
44009,50062,,,

45001,30759,,,
45003,42299,,,
45005,30115,,,
45007,36710,,,
45009,19534,,,
45011,40491,,,
45013,49549,,,
45015,48134,,,
45017,36675,,,
45019,46192,,,
45021,31875,,,
45023,33009,,,
45025,31416,,,
45027,35889,,,
45029,25170,,,
45031,31433,,,
45033,31098,,,
45035,50804,,,
45037,36486,,,
45039,33802,,,
45041,35609,,,
45043,41245,,,
45045,41433,,,
45047,36510,,,
45049,29073,,,
45051,36771,,,
45053,38021,,,
45055,39876,,,
45057,38533,,,
45059,30268,,,
45061,40139,,,
45063,45436,,,
45065,36750,,,
45067,31184,,,
45069,28700,,,
45071,40084,,,
45073,34364,,,
45075,29747,,,
45077,37791,,,
45079,46484,,,
45081,33073,,,
45083,36394,,,
45085,43913,,,
45087,34345,,,
45089,26331,,,
45091,45204,,,

46003,40750,,,
46005,40268,,,
46007,30179,,,
46009,32557,,,
46011,42549,,,
46013,44252,,,
46015,47857,,,
46017,38571,,,
46019,45565,,,
46021,22875,,,
46023,36917,,,
46025,41750,,,
46027,40882,,,
46029,39964,,,
46031,26146,,,
46033,39657,,,
46035,37083,,,
46037,41411,,,
46039,52596,,,
46041,28667,,,
46043,35833,,,
46045,35313,,,
46047,31659,,,
46049,39375,,,
46051,56442,,,
46053,24400,,,
46055,20313,,,
46057,41591,,,
46059,40833,,,
46061,38719,,,
46063,46458,,,
46065,50037,,,
46067,40139,,,
46069,31667,,,
46071,,,,
46073,49643,,,
46075,20893,,,
46077,37656,,,
46079,31309,,,
46081,49083,,,
46083,44311,,,
46085,39167,,,
46087,43897,,,
46089,40500,,,
46091,31944,,,
46093,37159,,,
46095,25341,,,
46097,29688,,,
46099,41668,,,
46101,38550,,,
46102,26215,,,
46103,43668,,,
46105,35347,,,
46107,30139,,,
46109,30827,,,
46111,25865,,,
46115,46667,,,
46117,44625,,,
46119,30962,,,
46121,,,,
46123,35298,,,
46125,36779,,,
46127,45764,,,
46129,44071,,,
46135,46652,,,
46137,18472,,,

47001,36635,,,
47003,36033,,,
47005,31080,,,
47007,31332,,,
47009,39724,,,
47011,34301,,,
47013,32966,,,
47015,29148,,,
47017,32972,,,
47019,32337,,,
47021,38732,,,
47023,35162,,,
47025,30551,,,
47027,21563,,,
47029,25344,,,
47031,41514,,,
47033,33227,,,
47035,35336,,,
47037,40200,,,
47039,26447,,,
47041,29526,,,
47043,39760,,,
47045,35142,,,
47047,42129,,,
47049,26580,,,
47051,42076,,,
47053,31466,,,
47055,34560,,,
47057,25769,,,
47059,32280,,,
47061,35769,,,
47063,29802,,,
47065,41689,,,
47067,51071,,,
47069,28600,,,
47071,30066,,,
47073,36552,,,
47075,33531,,,
47077,34075,,,
47079,30093,,,
47081,25732,,,
47083,31875,,,
47085,33281,,,
47087,20651,,,
47089,33696,,,
47091,22313,,,
47093,42397,,,
47095,27321,,,
47097,35461,,,
47099,31578,,,
47101,30284,,,
47103,37414,,,
47105,47792,,,
47107,35672,,,
47109,26594,,,
47111,30509,,,
47113,38893,,,
47115,35276,,,
47117,37013,,,
47119,39200,,,
47121,37313,,,
47123,31603,,,
47125,47949,,,
47127,44924,,,
47129,34219,,,
47131,30959,,,
47133,31156,,,
47135,25600,,,
47137,39375,,,
47139,32476,,,
47141,37363,,,
47143,33962,,,
47145,44982,,,
47147,41523,,,
47149,48775,,,
47151,22514,,,
47153,35694,,,
47155,34317,,,
47157,40992,,,
47159,39294,,,
47161,38095,,,
47163,33753,,,
47165,44326,,,
47167,48523,,,
47169,39288,,,
47171,30828,,,
47173,30484,,,
47175,37847,,,
47177,37349,,,
47179,34467,,,
47181,27222,,,
47183,30285,,,
47185,30098,,,
47187,65069,,,
47189,46339,,,

48001,33915,,,
48003,54773,,,
48005,32188,,,
48007,37826,,,
48009,49375,,,
48011,58333,,,
48013,43580,,,
48015,31292,,,
48017,35151,,,
48019,35405,,,
48021,44038,,,
48023,22273,,,
48025,34767,,,
48027,45292,,,
48029,48399,,,
48031,44076,,,
48033,29167,,,
48035,35553,,,
48037,39119,,,
48039,52570,,,
48041,46195,,,
48043,34219,,,
48045,28750,,,
48047,45547,,,
48049,35382,,,
48051,34375,,,
48053,40023,,,
48055,44909,,,
48057,37561,,,
48059,40643,,,
48061,35864,,,
48063,29213,,,
48065,36000,,,
48067,29208,,,
48069,43417,,,
48071,51580,,,
48073,29957,,,
48075,47200,,,
48077,49444,,,
48079,39844,,,
48081,25694,,,
48083,33019,,,
48085,57263,,,
48087,19400,,,
48089,39325,,,
48091,56337,,,
48093,31829,,,
48095,33571,,,
48097,36023,,,
48099,42956,,,
48101,41667,,,
48103,53519,,,
48105,35380,,,
48107,38516,,,
48109,33750,,,
48111,32384,,,
48113,41488,,,
48115,31513,,,
48117,46771,,,
48119,32891,,,
48121,55055,,,
48123,36211,,,
48125,34167,,,
48127,,,,
48129,38906,,,
48131,32104,,,
48133,27933,,,
48135,48890,,,
48137,31979,,,
48139,50791,,,
48141,42792,,,
48143,36854,,,
48145,24199,,,
48147,34444,,,
48149,38688,,,
48151,41250,,,
48153,37083,,,
48155,25750,,,
48157,58436,,,
48159,50745,,,
48161,23173,,,
48163,34979,,,
48165,65014,,,
48167,49433,,,
48169,49167,,,
48171,36575,,,
48173,,,,
48175,41250,,,
48177,37589,,,
48179,42641,,,
48181,37849,,,
48183,33901,,,
48185,41726,,,
48187,59525,,,
48189,31779,,,
48191,30000,,,
48193,29489,,,
48195,28906,,,
48197,24917,,,
48199,40190,,,
48201,45442,,,
48203,38627,,,
48205,51103,,,
48207,28438,,,
48209,48841,,,
48211,66354,,,
48213,31890,,,
48215,39655,,,
48217,37782,,,
48219,41820,,,
48221,50500,,,
48223,37372,,,
48225,29887,,,
48227,31750,,,
48229,41071,,,
48231,42730,,,
48233,39806,,,
48235,36750,,,
48237,43906,,,
48239,43646,,,
48241,41957,,,
48243,,,,
48245,35470,,,
48247,32841,,,
48249,27270,,,
48251,44669,,,
48253,33485,,,
48255,44375,,,
48257,50167,,,
48259,53961,,,
48261,,,,
48263,21111,,,
48265,37666,,,
48267,33558,,,
48269,,,,
48271,34444,,,
48273,42873,,,
48275,32862,,,
48277,32092,,,
48279,36333,,,
48281,52096,,,
48283,20344,,,
48285,31708,,,
48287,39310,,,
48289,31490,,,
48291,40179,,,
48293,30735,,,
48295,49375,,,
48297,34236,,,
48299,31788,,,
48301,,,,
48303,40193,,,
48305,28833,,,
48307,44821,,,
48309,39865,,,
48311,,,,
48313,33442,,,
48315,32361,,,
48317,46094,,,
48319,48676,,,
48321,37846,,,
48323,67589,,,
48325,59026,,,
48327,25227,,,
48329,49307,,,
48331,37097,,,
48333,41071,,,
48335,30893,,,
48337,44740,,,
48339,52671,,,
48341,42463,,,
48343,35417,,,
48345,23953,,,
48347,37045,,,
48349,33897,,,
48351,40043,,,
48353,34615,,,
48355,43808,,,
48357,34826,,,
48359,26538,,,
48361,41450,,,
48363,32165,,,
48365,40041,,,
48367,49370,,,
48369,53977,,,
48371,38214,,,
48373,30828,,,
48375,29911,,,
48377,46708,,,
48379,31959,,,
48381,51088,,,
48383,,,,
48385,21250,,,
48387,30474,,,
48389,39444,,,
48391,40125,,,
48393,,,,
48395,31925,,,
48397,66376,,,
48399,29004,,,
48401,37707,,,
48403,24460,,,
48405,38750,,,
48407,32482,,,
48409,46481,,,
48411,29563,,,
48413,64583,,,
48415,38147,,,
48417,32892,,,
48419,32589,,,
48421,28462,,,
48423,41253,,,
48425,50714,,,
48427,21929,,,
48429,29853,,,
48431,42778,,,
48433,26875,,,
48435,50370,,,
48437,33611,,,
48439,50698,,,
48441,43400,,,
48443,27800,,,
48445,36563,,,
48447,,,,
48449,32143,,,
48451,40752,,,
48453,50820,,,
48455,31819,,,
48457,32464,,,
48459,35000,,,
48461,41597,,,
48463,28504,,,
48465,49773,,,
48467,37227,,,
48469,43261,,,
48471,39498,,,
48473,50677,,,
48475,45909,,,
48477,34171,,,
48479,46710,,,
48481,36168,,,
48483,42008,,,
48485,44489,,,
48487,26907,,,
48489,31591,,,
48491,53854,,,
48493,54006,,,
48495,36328,,,
48497,39163,,,
48499,34048,,,
48501,,,,
48503,39258,,,
48505,32174,,,
48507,28260,,,

49001,46953,,,
49003,45903,,,
49005,44387,,,
49007,34457,,,
49009,,,,
49011,55409,,,
49013,36550,,,
49015,40670,,,
49017,26897,,,
49019,35078,,,
49021,40395,,,
49023,38261,,,
49025,41538,,,
49027,32500,,,
49029,77714,,,
49031,38000,,,
49033,28750,,,
49035,44802,,,
49037,28083,,,
49039,37616,,,
49041,31750,,,
49043,69470,,,
49045,49391,,,
49047,29510,,,
49049,45898,,,
49051,56635,,,
49053,39743,,,
49055,12287,,,
49057,48223,,,

50001,41364,,,
50003,37424,,,
50005,30088,,,
50007,47000,,,
50009,31250,,,
50011,43627,,,
50013,48019,,,
50015,45748,,,
50017,40036,,,
50019,32023,,,
50021,35716,,,
50023,39022,,,
50025,34263,,,
50027,36463,,,

51001,32767,,,
51003,51734,,,
51005,40000,,,
51007,45773,,,
51009,37083,,,
51011,49844,,,
51013,103656,,,
51015,43424,,,
51017,33589,,,
51019,42087,,,
51021,36075,,,
51023,39956,,,
51025,42321,,,
51027,24561,,,
51029,37519,,,
51031,37996,,,
51033,52886,,,
51035,29137,,,
51036,39784,,,
51037,32500,,,
51041,54683,,,
51043,45059,,,
51045,60614,,,
51047,56709,,,
51049,42917,,,
51051,24020,,,
51053,49232,,,
51057,39347,,,
51059,104537,,,
51061,69031,,,
51063,32438,,,
51065,48243,,,
51067,37477,,,
51069,50034,,,
51071,36863,,,
51073,53909,,,
51075,55385,,,
51077,25735,,,
51079,54500,,,
51081,20972,,,
51083,31039,,,
51085,50993,,,
51087,51883,,,
51089,26390,,,
51091,33950,,,
51093,68077,,,
51095,70198,,,
51097,34737,,,
51099,80022,,,
51101,46635,,,
51103,50036,,,
51105,36985,,,
51107,97837,,,
51109,46991,,,
51111,33065,,,
51113,40313,,,
51115,47309,,,
51117,31887,,,
51119,36688,,,
51121,47941,,,
51125,55000,,,
51127,48333,,,
51131,35282,,,
51133,48771,,,
51135,33542,,,
51137,60818,,,
51139,37656,,,
51141,27299,,,
51143,32123,,,
51145,51078,,,
51147,40050,,,
51149,49098,,,
51153,93635,,,
51155,40387,,,
51157,61563,,,
51159,30450,,,
51161,45709,,,
51163,45612,,,
51165,41148,,,
51167,38586,,,
51169,25787,,,
51171,41938,,,
51173,32006,,,
51175,35297,,,
51177,73148,,,
51179,98464,,,
51181,46929,,,
51183,36471,,,
51185,32102,,,
51187,54118,,,
51191,31455,,,
51193,42366,,,
51195,32162,,,
51197,27173,,,
51199,76771,,,
51510,99087,,,
51515,,,,
51520,33535,,,
51530,48196,,,
51540,42171,,,
51550,58238,,,
51570,46300,,,
51580,32448,,,
51590,28875,,,
51595,32266,,,
51600,106250,,,
51610,106979,,,
51620,38203,,,
51630,77706,,,
51640,19283,,,
51650,48870,,,
51660,31769,,,
51670,39864,,,
51678,38663,,,
51680,33492,,,
51683,64299,,,
51685,73309,,,
51690,30516,,,
51700,46228,,,
51710,44074,,,
51720,,,,
51730,40164,,,
51735,73656,,,
51740,46171,,,
51750,30739,,,
51760,30620,,,
51770,32981,,,
51775,40497,,,
51790,38717,,,
51800,60496,,,
51810,57735,,,
51820,39688,,,
51830,56807,,,
51840,45551,,,

53001,32879,,,
53003,34686,,,
53005,51468,,,
53007,43795,,,
53009,41350,,,
53011,51096,,,
53013,40625,,,
53015,39682,,,
53017,44518,,,
53019,31709,,,
53021,48194,,,
53023,44722,,,
53025,41113,,,
53027,33281,,,
53029,51640,,,
53031,35385,,,
53033,53205,,,
53035,57336,,,
53037,45274,,,
53039,39722,,,
53041,39057,,,
53043,37531,,,
53045,43998,,,
53047,37261,,,
53049,32158,,,
53051,35472,,,
53053,50794,,,
53055,50588,,,
53057,44985,,,
53059,38914,,,
53061,53219,,,
53063,39678,,,
53065,33518,,,
53067,54506,,,
53069,26859,,,
53071,41131,,,
53073,43113,,,
53075,38495,,,
53077,37062,,,

54001,31647,,,
54003,47728,,,
54005,35742,,,
54007,23718,,,
54009,38810,,,
54011,33621,,,
54013,22500,,,
54015,29773,,,
54017,40513,,,
54019,33237,,,
54021,28289,,,
54023,29932,,,
54025,34719,,,
54027,34617,,,
54029,39550,,,
54031,25702,,,
54033,41137,,,
54035,27275,,,
54037,66198,,,
54039,35439,,,
54041,29396,,,
54043,39204,,,
54045,28832,,,
54047,30230,,,
54049,36413,,,
54051,27275,,,
54053,34497,,,
54055,34322,,,
54057,34545,,,
54059,26750,,,
54061,42398,,,
54063,28480,,,
54065,36667,,,
54067,33724,,,
54069,39044,,,
54071,30545,,,
54073,40163,,,
54075,27629,,,
54077,38288,,,
54079,38204,,,
54081,35934,,,
54083,33990,,,
54085,36085,,,
54087,27772,,,
54089,36580,,,
54091,37866,,,
54093,27656,,,
54095,29737,,,
54097,39144,,,
54099,35050,,,
54101,33056,,,
54103,34500,,,
54105,40392,,,
54107,37589,,,
54109,36292,,,

55001,33048,,,
55003,32615,,,
55005,33880,,,
55007,37071,,,
55009,38368,,,
55011,35731,,,
55013,34625,,,
55015,40269,,,
55017,39443,,,
55019,32688,,,
55021,43137,,,
55023,32500,,,
55025,46602,,,
55027,37000,,,
55029,39142,,,
55031,35230,,,
55033,36886,,,
55035,41546,,,
55037,27868,,,
55039,38067,,,
55041,27786,,,
55043,34317,,,
55045,35063,,,
55047,37300,,,
55049,36875,,,
55051,32717,,,
55053,34583,,,
55055,36572,,,
55057,35353,,,
55059,43847,,,
55061,37145,,,
55063,40528,,,
55065,36520,,,
55067,35438,,,
55069,38981,,,
55071,37745,,,
55073,36542,,,
55075,26890,,,
55077,34274,,,
55078,30833,,,
55079,38122,,,
55081,43204,,,
55083,38649,,,
55085,38338,,,
55087,38208,,,
55089,50412,,,
55091,31667,,,
55093,42174,,,
55095,39587,,,
55097,40431,,,
55099,32743,,,
55101,37649,,,
55103,32583,,,
55105,38850,,,
55107,29615,,,
55109,51556,,,
55111,36564,,,
55113,31783,,,
55115,34107,,,
55117,37087,,,
55119,31658,,,
55121,36451,,,
55123,31026,,,
55125,36622,,,
55127,40344,,,
55129,34714,,,
55131,40484,,,
55133,45330,,,
55135,30777,,,
55137,33494,,,
55139,39827,,,
55141,38937,,,

56001,40089,,,
56003,35463,,,
56005,55431,,,
56007,37067,,,
56009,50483,,,
56011,40263,,,
56013,35752,,,
56015,38222,,,
56017,35058,,,
56019,29320,,,
56021,48873,,,
56023,35644,,,
56025,42101,,,
56027,27292,,,
56029,36343,,,
56031,45066,,,
56033,39142,,,
56035,55759,,,
56037,49286,,,
56039,56569,,,
56041,43922,,,
56043,38547,,,
56045,26953,,,

72001,19375,,,
72003,26464,,,
72005,23908,,,
72007,24470,,,
72009,23819,,,
72011,19802,,,
72013,20224,,,
72015,17105,,,
72017,20346,,,
72019,35018,,,
72021,25705,,,
72023,18328,,,
72025,20102,,,
72027,24051,,,
72029,25712,,,
72031,26461,,,
72033,21395,,,
72035,23738,,,
72037,19133,,,
72039,23906,,,
72041,21174,,,
72043,22960,,,
72045,28980,,,
72047,15800,,,
72049,16250,,,
72051,21250,,,
72053,21875,,,
72054,12154,,,
72055,16955,,,
72057,24413,,,
72059,20606,,,
72061,27537,,,
72063,30598,,,
72065,21392,,,
72067,15760,,,
72069,24702,,,
72071,21471,,,
72073,16789,,,
72075,17061,,,
72077,17794,,,
72079,21205,,,
72081,15234,,,
72083,22143,,,
72085,26458,,,
72087,25625,,,
72089,19901,,,
72091,19318,,,
72093,16875,,,
72095,17778,,,
72097,19609,,,
72099,22589,,,
72101,18698,,,
72103,40991,,,
72105,22470,,,
72107,50086,,,
72109,23029,,,
72111,19412,,,
72113,21316,,,
72115,19946,,,
72117,24500,,,
72119,18843,,,
72121,16556,,,
72123,19329,,,
72125,21552,,,
72127,24119,,,
72129,19145,,,
72131,17409,,,
72133,24203,,,
72135,34341,,,
72137,24726,,,
72139,29882,,,
72141,19600,,,
72143,21227,,,
72145,24871,,,
72147,25574,,,
72149,18000,,,
72151,16742,,,
72153,24215,,,
